id,pred_emotion,pred_polarity,pred_empathy
1,2.0074873,0,1.68804
2,2.468862,1,2.178635
3,2.233963,0,1.9710774
4,2.0560358,0,1.68717
5,2.351579,0,2.076664
6,2.3561864,0,2.0530672
7,1.8964505,0,1.6207753
8,2.3359942,0,2.0413828
9,2.0810716,0,1.6942254
10,3.197284,1,2.7726836
11,1.9506313,0,1.6663954
12,1.8958862,0,1.6021297
13,2.0270712,0,1.7379556
14,1.7087893,0,1.4652579
15,2.0326653,0,1.71855
17,2.5484781,1,2.21737
18,2.3303773,0,2.0058484
19,2.0556679,0,1.6995132
20,1.7166576,0,1.2926493
21,2.0447955,0,1.6881977
22,1.9126585,0,1.5151215
23,1.8489144,0,1.5422249
24,1.8888713,0,1.5572093
25,1.905091,0,1.4712477
26,2.1487925,0,1.8108188
27,2.0080168,0,1.610518
28,2.1216993,0,1.6940897
29,1.0310296,0,0.97827524
30,1.0310296,0,0.97827524
31,1.9916881,0,1.6339284
32,2.048366,0,1.7481965
33,2.258058,0,1.9428844
34,1.7922703,0,1.5292245
35,2.2359679,0,1.9996271
36,2.3089585,1,2.042338
37,2.1918316,0,1.8869096
38,1.7233726,0,1.3790323
39,1.960767,0,1.6958432
40,2.0239823,0,1.7420493
41,2.307477,0,1.9958498
42,2.3705049,0,2.0713413
43,2.7271385,1,2.401319
44,2.3063948,1,2.041952
45,3.0594764,1,2.7441974
46,2.4970093,1,2.2349873
47,2.5639353,1,2.2542062
48,1.956938,0,1.7317858
49,2.328402,0,2.0270429
50,2.343997,1,2.0772765
51,2.1516318,0,1.8659383
52,2.2654448,0,1.9891645
53,2.3888912,0,2.0727124
54,2.3046284,0,1.9752584
55,2.0472565,0,1.671911
56,1.790352,0,1.4697993
57,2.1184158,1,1.8724258
58,2.1308346,0,1.8083225
59,2.2387664,1,1.9543884
60,1.859533,0,1.568371
61,2.3475084,0,1.9975785
62,1.9340878,0,1.6071563
63,1.0310296,0,0.97827524
64,1.0310296,0,0.97827524
65,2.179299,0,1.9247781
66,2.2094197,1,1.9751343
67,2.4499369,0,2.1534386
68,2.8512857,1,2.5244823
69,1.9489913,0,1.6818128
70,2.0257058,0,1.7633584
71,2.3631585,1,2.0924785
72,2.5051842,1,2.2490318
73,2.1021292,1,1.8247526
74,2.0381644,1,1.8092744
75,2.1193342,1,1.8659894
76,2.3224745,1,2.048961
77,1.5206681,0,1.2051399
78,2.289117,1,2.0384886
79,1.4182885,0,1.2285416
80,1.8958472,0,1.6649683
81,2.372027,0,2.0607767
82,2.056759,0,1.7228601
83,2.4147916,0,2.1463652
84,2.1954181,0,1.9681728
85,2.1157486,0,1.7725315
86,2.1948593,0,1.8809977
87,2.2441955,0,1.9463222
88,2.4107723,0,2.125279
89,1.7776659,0,1.5106745
90,2.2736862,0,2.0252786
91,2.033232,0,1.7042311
92,2.0913978,0,1.8488824
93,2.0988657,0,1.8620316
94,1.9664892,0,1.7378117
95,1.728183,0,1.3663888
96,2.049492,0,1.7246552
97,1.7262071,0,1.3605831
98,1.9464306,0,1.5543158
99,1.7836335,0,1.3133016
100,1.4005086,0,1.0619775
101,1.4005086,0,1.0619775
102,1.0310296,0,0.97827524
103,1.146289,0,0.87838084
104,1.8926253,0,1.5388541
105,1.7515984,0,1.4813132
106,2.033118,0,1.7905155
107,1.2560482,0,1.0141823
108,2.5387106,1,2.253591
109,2.9442105,1,2.4910045
110,1.8991852,0,1.6630611
111,1.8999422,0,1.6139717
112,2.1863275,0,1.9252195
113,2.1057503,0,1.8138782
114,2.2402902,1,1.987487
115,1.7667642,0,1.5240062
116,2.177301,0,1.8948842
117,1.9027264,0,1.5623604
118,1.7941991,0,1.4909815
119,1.8977135,0,1.5112557
121,1.9438121,0,1.5446398
122,1.7677753,0,1.3435396
123,1.3254116,0,1.019462
124,1.785701,0,1.4981457
125,1.8375498,0,1.4051273
126,2.0314562,0,1.5850492
127,1.0310296,0,0.97827524
128,1.9127576,0,1.5996053
129,2.0745835,0,1.7646726
130,1.8469062,0,1.5457411
131,1.6011114,0,1.1609366
132,2.0832062,0,1.6823468
133,1.0310296,0,0.97827524
134,1.9348427,0,1.6233722
135,1.6610284,0,1.0587703
136,2.0066757,0,1.6326642
137,1.7776434,0,1.2839992
138,2.7162366,0,2.1885235
139,1.0310296,0,0.97827524
140,1.0310296,0,0.97827524
141,1.4691563,0,1.1254493
142,1.5486937,0,1.2289507
143,2.112146,0,1.8431532
144,1.6207912,0,1.2586529
145,1.9987533,0,1.7182754
146,1.7529373,0,1.4128278
147,2.3396704,1,2.0716968
148,1.8260602,0,1.4627126
149,1.7504961,0,1.4582566
150,1.7650225,0,1.5215244
151,1.9762148,0,1.7069926
152,1.8197196,0,1.454646
153,2.1287143,0,1.8491104
154,1.7956171,0,1.3341684
155,1.7646441,0,1.4025002
156,2.6599631,1,2.3461928
157,2.5450552,1,2.2410064
158,2.2556708,0,1.9467385
159,2.5466776,1,2.26218
160,2.5559025,1,2.2529297
161,2.182916,0,1.9033593
162,2.3239765,1,2.0327404
163,1.9855239,0,1.7733635
164,2.106754,1,1.8474461
165,2.0150106,0,1.776715
166,2.3034472,1,2.0136023
167,2.0220363,0,1.7854888
168,1.689311,0,1.4983284
169,1.827334,0,1.5829445
170,2.2871919,1,2.0339317
171,2.078057,0,1.8122413
172,2.1877136,1,1.8878676
173,2.238675,0,1.9838214
174,2.099916,0,1.8441665
175,2.3573513,0,2.0713336
176,2.0646143,0,1.7836691
177,2.0753856,0,1.8197079
178,2.1592867,0,1.821416
179,1.8382072,0,1.5176334
180,2.2050993,0,1.81386
181,1.9260387,0,1.5701587
182,1.539006,0,1.1290867
183,2.0111926,0,1.5702577
184,1.6044817,0,1.2830323
185,1.9939749,0,1.587077
186,1.7602158,0,1.5233371
187,1.4862561,0,1.1631598
188,1.188925,0,0.88392586
189,1.0310296,0,0.97827524
190,0.7268469,0,0.60903406
191,1.3589023,0,1.0139207
192,1.4377091,0,1.1005526
193,2.0800638,0,1.792696
194,1.8933153,0,1.547432
195,2.1351342,0,1.8510143
196,2.2386415,1,1.9914149
197,2.1855195,1,1.943563
198,2.1551127,1,1.8945649
199,2.4187984,1,2.1551683
200,2.8509047,1,2.5081813
201,2.2132716,1,1.9317412
202,1.9171994,1,1.6842539
203,1.989994,0,1.7051704
204,1.7140718,0,1.3568975
205,1.979076,0,1.6824589
206,1.8420473,0,1.5072389
207,1.907733,0,1.6309302
208,2.7071595,1,2.429787
209,2.464034,1,2.1914964
210,2.0979602,0,1.8018831
211,2.266758,0,1.9940431
212,3.0983074,1,2.74043
213,2.5755033,0,2.3182993
214,2.6629438,1,2.3691025
216,1.3078165,0,1.0870697
217,1.7799191,0,1.4831911
218,1.5978839,0,1.2814794
219,1.8445456,0,1.4581239
220,1.5876386,0,1.3185917
221,2.7210329,1,2.3465524
222,2.90014,1,2.5928104
223,3.3647947,1,2.9221385
224,2.053323,1,1.8237841
225,2.3153563,0,2.069147
226,2.0133543,0,1.7693117
227,2.3375537,0,2.0611913
228,2.2390819,0,1.977389
229,2.334064,0,2.0667374
230,1.8344936,0,1.5877038
231,2.0311253,1,1.7757062
232,2.0682623,0,1.8119664
233,1.1188804,0,0.92623883
234,1.8862295,0,1.650305
235,2.3441,1,2.0608635
236,1.7990441,0,1.5695907
237,1.8686135,0,1.6108041
238,1.7262442,0,1.4539212
239,2.2157342,0,1.9393435
240,1.5499604,0,1.2365875
242,1.5574696,0,1.2453039
243,2.2579656,1,1.9686528
244,2.0153475,0,1.7131193
245,2.5470042,1,2.2603557
246,2.4385493,0,2.1839585
247,2.055074,0,1.7554674
248,1.8016286,0,1.473155
249,2.2970855,1,1.9607592
250,1.675504,0,1.2871295
251,1.7680898,0,1.4676956
252,1.4940908,0,1.1546562
253,2.0741553,0,1.7795436
254,1.9848013,0,1.6338964
255,1.0838584,0,0.97187835
256,2.2355394,0,1.8484113
257,1.7714705,0,1.4646282
258,2.0556543,0,1.8045647
259,1.9211326,0,1.7114112
260,2.1425946,1,1.8958194
261,1.8358129,0,1.5938172
262,1.9708531,1,1.72024
263,1.9800279,1,1.7272909
264,1.9443452,0,1.7129642
265,2.3230095,1,2.0816524
266,1.9588404,0,1.7368624
267,1.5986916,0,1.3593718
268,1.8372831,0,1.5846719
269,2.128904,1,1.8903382
270,2.0239382,0,1.8011992
271,2.0335104,1,1.8034506
272,2.183138,0,1.9316392
273,2.141149,0,1.8890593
274,1.6818173,0,1.3919865
275,2.432691,1,2.1866674
276,1.6645603,0,1.4148813
277,2.2433338,1,1.9677894
278,1.8018062,0,1.5690317
279,1.7730743,0,1.5532932
280,2.0272722,0,1.8065836
281,2.420132,1,2.1563883
282,1.7348673,0,1.5034721
283,2.4439142,1,2.1709652
284,2.528183,1,2.247222
285,2.3620882,1,2.1109505
286,2.0085063,0,1.7782707
287,1.7466369,0,1.5379152
288,2.576293,0,2.2877655
289,2.0191982,0,1.7696712
290,1.9143193,1,1.7047133
291,1.8845782,1,1.6461874
292,2.401565,1,2.1515524
293,2.3517885,1,2.0935843
294,2.3705583,1,2.103199
295,2.2427146,0,1.9739935
296,2.2907047,0,2.045314
297,2.0729373,0,1.8408049
298,2.0197618,0,1.7583582
299,1.8782424,0,1.6482425
300,2.3642697,0,2.0089874
301,2.3621893,0,2.0663433
302,2.0904436,0,1.8470521
303,2.0402126,0,1.8034828
304,2.1196353,0,1.8893597
305,2.0884447,1,1.8429478
306,2.1799543,1,1.8935474
307,2.2664604,1,2.0355797
308,2.5239205,0,2.2564654
309,2.485583,1,2.223785
310,1.8036323,0,1.4620316
311,1.9965725,0,1.7749553
312,2.404086,1,2.1148274
313,2.09224,0,1.8584793
314,2.079203,0,1.8037546
315,1.9924058,0,1.7700096
316,2.134887,0,1.8512392
317,1.7588812,0,1.4082528
318,2.7477245,1,2.4281542
319,3.0016892,1,2.6677775
320,2.8007154,1,2.4786582
321,1.7628734,0,1.4673549
322,2.2750514,1,2.0167449
323,2.4779017,1,2.1864023
324,2.7699013,1,2.4593735
325,2.7947104,1,2.493713
326,2.5122845,1,2.2329159
327,2.520914,1,2.2364306
328,2.3220625,1,2.054663
329,2.2084336,0,1.9570065
330,2.6394405,1,2.34405
331,2.4264808,1,2.1278844
332,2.5776873,1,2.296725
333,2.5259578,1,2.2426324
334,2.2911448,1,2.0369148
335,2.572645,1,2.2846122
336,2.5252018,1,2.238234
337,2.070593,0,1.8043764
338,2.541231,1,2.249603
339,2.581576,1,2.2817707
340,2.5423367,1,2.2712433
341,2.6478486,1,2.3533735
342,2.4558342,1,2.1828794
343,2.6154888,1,2.332646
344,2.6776419,1,2.3911462
345,1.8953125,0,1.4595374
346,1.7193453,0,1.3909392
347,1.0310296,0,0.97827524
348,1.0310296,0,0.97827524
349,1.1050769,0,0.964697
350,1.1873517,0,0.91430205
351,2.7254,1,2.4101222
352,2.3864381,1,2.1040845
353,2.3056922,1,2.020201
354,2.5068393,1,2.2064772
355,3.0888739,1,2.7470024
356,2.7866857,1,2.468178
357,2.1015618,1,1.8578848
358,2.1894531,1,1.9301844
359,2.2876697,1,2.01248
360,2.0598185,0,1.824567
361,1.9078462,0,1.6933901
362,1.879655,0,1.6131567
363,2.2510507,0,1.967131
364,2.0501518,0,1.8024075
365,1.9963052,0,1.763587
366,1.8201631,0,1.5942066
367,2.2668276,1,2.020538
368,2.2289617,1,1.9775078
369,1.9112599,0,1.7053546
370,1.9297552,0,1.6732638
371,1.7771691,0,1.5174538
372,1.5239246,0,1.2901249
373,1.4304956,0,1.266632
374,1.8022536,0,1.5879741
375,1.7703385,0,1.5404009
376,1.6903844,0,1.4462546
377,2.434814,1,2.1744764
378,2.7044845,1,2.436369
379,1.0310296,0,0.97827524
380,1.0310296,0,0.97827524
381,1.1050769,0,0.964697
382,1.1873517,0,0.91430205
383,3.24147,1,2.871224
384,2.829646,1,2.5093303
385,2.5824351,1,2.2771192
386,2.894311,1,2.5577977
387,2.9010315,1,2.5846102
388,2.4018276,1,2.1200337
389,2.915021,1,2.6034868
390,3.1719475,1,2.8211107
391,1.6038846,0,1.2076515
392,2.5511417,0,2.2204213
393,3.389688,1,3.0192409
394,2.9624925,1,2.6276748
395,2.8523662,1,2.5202756
396,2.645307,1,2.3415322
397,2.442543,1,2.1396701
398,2.1096795,0,1.8638515
399,2.160022,1,1.9064779
400,2.238421,1,1.9896202
401,1.6038846,0,1.2076515
402,1.9397808,0,1.7157247
403,1.9762053,0,1.7159624
404,1.7111533,0,1.458622
405,2.25785,1,1.992831
406,2.606843,1,2.3346462
407,2.7306132,0,2.1637864
408,2.4343834,0,2.1494234
409,2.4460092,0,2.0141103
410,2.3314981,0,2.0378518
411,2.9127374,1,2.5157418
412,2.2119002,0,1.9654138
413,2.6087794,1,2.3169703
414,2.8268008,1,2.4931743
415,2.398417,0,1.9850615
416,2.2785807,0,2.0189846
417,2.414159,0,2.0023708
418,2.423878,0,2.0261075
419,2.6830778,1,2.2774909
420,2.353644,0,2.060044
421,1.0310296,0,0.97827524
422,1.0310296,0,0.97827524
423,2.1487021,1,1.8149776
424,2.2364106,1,1.9582003
425,2.8842242,1,2.5410752
426,2.4961746,1,2.2122035
428,2.477695,1,2.1775944
429,2.1402519,0,1.8255421
430,1.1739684,0,0.9018267
431,1.6196446,0,1.2955774
432,2.0948775,0,1.8197643
433,1.7692682,0,1.4592941
434,2.7073627,1,2.4152508
435,2.2673957,0,2.0347044
436,1.9390833,0,1.5793616
437,1.8768895,0,1.5990639
438,1.7746361,0,1.5592415
439,1.8781414,0,1.5629371
440,1.8621377,0,1.5419368
441,1.743528,0,1.5187144
442,1.7872608,1,1.5215305
444,1.662192,0,1.4112625
445,2.0099669,0,1.7396576
446,2.2138472,1,1.937953
447,2.5600023,1,2.2601852
448,2.0489922,1,1.814163
449,2.369593,0,2.0695293
450,1.5275338,0,1.1983848
451,1.834924,0,1.4531271
452,1.4111451,0,1.1279292
453,1.6815264,0,1.2310957
454,1.4837476,0,1.1378516
455,1.346901,0,1.0444627
456,1.0310296,0,0.97827524
457,1.9996264,0,1.7118539
458,2.7661924,1,2.418386
459,2.757212,1,2.451488
460,2.041224,0,1.7330787
461,2.3878522,1,2.1393554
462,2.141444,0,1.904038
463,2.115501,0,1.8923815
464,1.8697482,0,1.6136537
465,2.2481146,0,1.9387407
466,1.4988105,0,1.2877446
467,1.9772439,0,1.7382596
468,2.0219471,0,1.6923263
469,2.1166184,0,1.8273253
470,2.4862432,1,2.2213473
471,1.997756,0,1.7669955
472,2.2999535,1,2.0510685
473,2.1943944,0,1.9529881
474,1.8228871,0,1.5647179
475,1.9263854,0,1.716815
476,2.2348151,1,1.9730102
477,2.0002868,0,1.7381577
478,2.0910618,1,1.8585672
479,2.1693058,0,1.9319901
480,1.9020457,1,1.6720521
481,1.8818915,0,1.6364255
482,2.0341144,1,1.7875335
483,1.8699372,0,1.6523424
484,1.8766986,0,1.6268661
485,2.0910501,0,1.8468537
486,1.8092384,0,1.5849779
487,2.13418,0,1.857515
488,2.0512028,0,1.815089
489,2.1322534,0,1.8390329
490,1.6144576,0,1.2829735
491,2.114767,0,1.7404532
492,1.0310296,0,0.97827524
493,1.0310296,0,0.97827524
494,1.0310296,0,0.97827524
495,2.068505,0,1.7766538
496,2.5283115,0,2.1792316
497,2.581184,1,2.2548823
498,2.077403,0,1.8326725
499,1.9933974,1,1.7771757
500,2.3278491,1,2.0596488
501,2.187453,1,1.9643626
502,2.6055708,1,2.3006277
503,2.2525792,1,2.006625
504,2.142043,0,1.8802243
505,2.0722582,0,1.8080261
506,2.0621727,1,1.8237929
507,2.0721965,0,1.8447471
508,2.1806476,0,1.928074
509,2.3141642,0,2.0558627
510,2.02123,0,1.7708776
511,2.3569882,0,2.0858607
512,1.9728886,0,1.7354076
513,1.9374996,0,1.71228
514,2.3752275,1,2.115594
515,2.0960941,0,1.7959038
516,2.389241,0,2.0500476
517,2.386825,1,2.1108172
518,2.20159,0,1.8909538
519,2.2216444,0,1.9467133
520,2.6630657,1,2.3224287
521,2.467586,1,2.1941278
522,2.4590368,0,2.2039225
523,2.169913,0,1.8935604
524,2.0561557,0,1.7420322
525,1.928721,0,1.6652999
526,2.171272,0,1.9608843
527,1.781289,0,1.4726613
528,2.5447288,0,2.1703944
529,2.2339797,1,1.9827546
530,2.3361907,0,2.0636096
531,1.6836598,0,1.462323
532,2.3037572,0,2.00297
533,1.9241213,0,1.6536062
534,2.2286448,0,1.9099772
535,2.173155,0,1.84879
536,2.3786485,0,2.1312962
537,2.0149462,0,1.7754703
538,2.1981735,0,1.8979628
539,2.1029658,0,1.8540969
540,2.4839194,0,2.1987784
541,2.2089856,0,1.9403336
542,1.8176354,0,1.5002158
543,1.9201375,0,1.6216522
544,2.0927858,0,1.79755
545,1.8202264,0,1.6220273
546,1.6966159,0,1.336052
547,2.027546,0,1.7421844
548,1.8806704,0,1.5461502
549,1.8463981,0,1.5646964
550,2.0304942,0,1.6659095
551,1.9837798,0,1.7025193
552,1.9969046,0,1.7052114
553,1.6363026,0,1.3399727
554,1.9450936,0,1.7076495
555,0.9540645,0,1.0675936
556,1.2307827,0,0.9419617
557,2.6723125,1,2.3751967
558,2.70125,1,2.4053054
559,2.5244782,0,2.271346
560,2.2804532,1,2.0290835
561,2.1140366,0,1.8051324
562,2.5888762,0,2.2958386
563,1.7762272,0,1.4502344
564,2.8397915,1,2.5394385
565,2.01101,0,1.7389059
566,2.5643256,1,2.301042
567,2.064885,0,1.7997339
568,2.3340735,1,2.0596554
569,1.6025506,0,1.3530158
570,1.9066768,0,1.6252844
571,3.21015,1,2.6564353
572,1.9617528,0,1.6993449
573,2.176771,0,1.8735106
574,2.1404715,0,1.8928258
575,1.7738642,0,1.4643002
576,1.8495321,0,1.640117
577,2.3976142,1,2.123633
578,1.6250196,0,1.357245
579,2.009915,0,1.7135673
580,2.2982283,0,2.0026562
581,2.3307025,0,2.034177
582,1.9155709,0,1.5859411
583,2.5296493,0,2.2263913
584,2.5796413,1,2.2812552
585,2.0871706,0,1.8307079
586,1.908797,0,1.6445962
587,1.8429846,0,1.5454004
588,2.136912,0,1.9008973
589,1.7679223,0,1.3514265
590,2.1809757,0,1.6753447
591,1.0310296,0,0.97827524
592,1.0310296,0,0.97827524
593,1.1050769,0,0.964697
594,1.6774794,0,1.3427562
595,3.7730196,1,3.3562586
596,3.0786052,1,2.7722404
597,2.3248553,1,2.0062969
598,2.3236217,1,2.0785544
599,2.3091798,1,2.028031
600,2.2445893,1,2.0043986
601,2.6015215,1,2.3162904
602,1.9173145,0,1.6929607
603,2.1760564,1,1.9232903
604,2.179196,0,1.8960589
605,2.059692,0,1.7958794
606,1.8295432,0,1.5315208
607,2.35526,1,2.086734
608,1.934589,0,1.6979678
609,1.8301153,0,1.6161063
610,1.7212478,0,1.4664168
611,1.9563022,0,1.7362084
612,1.9425216,0,1.7227012
613,2.1458123,0,1.8781976
614,2.1512861,0,1.8880424
615,2.3237271,0,2.0624576
616,1.8528266,0,1.6167424
617,1.7221777,0,1.354224
618,1.9558828,0,1.6392239
619,2.1600256,1,1.9079261
620,1.6335795,0,1.4235815
621,2.2002828,1,1.9122384
622,1.8958191,1,1.674013
623,1.9088436,0,1.4785393
624,2.08292,0,1.6227081
625,1.0310296,0,0.97827524
626,1.0310296,0,0.97827524
627,1.1873517,0,0.91430205
628,2.289708,0,1.988581
629,2.0828297,0,1.846859
630,2.6191034,1,2.3421147
631,2.3343267,0,2.0360703
632,3.026341,1,2.603422
633,2.3636525,0,2.009406
634,1.8557321,0,1.4390005
635,2.43744,0,2.072204
636,2.4681141,0,2.1557012
637,2.1714916,1,1.8973887
638,2.19477,0,1.9298024
639,2.0417786,0,1.7868133
640,2.5621514,1,2.2105849
641,1.9882965,0,1.7115862
642,1.9906774,0,1.6981344
643,2.1525037,0,1.8968463
644,2.04734,0,1.6179111
645,1.8865387,0,1.5516987
646,2.886857,1,2.4793477
647,2.5366735,1,2.2111015
648,2.5371432,0,2.2148767
649,2.5328915,1,2.2485943
650,2.2628255,0,1.996659
651,2.1207185,1,1.9025257
652,1.9966995,0,1.695299
653,2.0053113,0,1.7374171
654,1.6859086,0,1.3766333
655,1.783233,0,1.5525728
656,1.4780941,0,1.1124768
657,1.9550407,0,1.5747478
658,1.0310296,0,0.97827524
659,1.0310296,0,0.97827524
660,1.4707055,0,1.1262708
661,1.6955926,0,1.3793049
662,1.9565845,0,1.6952305
663,1.6756467,0,1.371949
664,1.0310296,0,0.97827524
665,1.0310296,0,0.97827524
666,1.8024726,0,1.5361068
667,1.5264771,0,1.243165
668,1.9258225,0,1.6476523
669,1.6276578,0,1.4046082
670,1.8203918,0,1.471524
671,1.5456563,0,1.2290852
672,2.3079789,0,2.0176668
673,2.098822,0,1.8301709
674,1.6081713,0,1.2878509
675,1.8903956,0,1.3798617
676,1.7408022,0,1.3854109
677,1.7844759,0,1.4676571
678,1.9258225,0,1.6476523
679,1.7856736,0,1.4988308
680,1.4745605,0,1.2837348
681,1.8616765,0,1.5102049
682,1.7158661,0,1.4685401
683,1.9670973,0,1.4742862
684,1.8028473,0,1.5636327
685,1.9273844,0,1.5720575
686,2.2033951,1,1.8568151
687,1.1050769,0,0.964697
688,1.3797755,0,1.043967
689,1.9811695,0,1.643465
690,1.774416,0,1.4322569
691,2.1053438,0,1.8123778
692,2.2871976,1,2.0056622
693,2.0875661,0,1.866396
694,1.8429642,0,1.6367568
695,3.206184,1,2.8725016
696,2.8700433,1,2.5795503
697,2.1916056,0,1.9549468
698,2.2998948,1,2.0762641
699,1.6938872,0,1.2989786
700,2.6151838,1,2.3664665
701,2.6894462,1,2.4100962
702,2.6576872,1,2.4024274
703,2.027539,0,1.7209431
704,2.2485783,0,2.003473
705,1.5090184,0,1.2477567
706,2.9150043,1,2.5845566
707,2.6804957,1,2.3636045
708,2.9128766,1,2.5895457
709,1.0264196,0,0.90237975
710,1.9115753,0,1.6100589
711,1.4852997,0,1.270961
712,1.8825006,0,1.5973575
714,1.8961595,0,1.6121101
715,1.320998,0,1.0622783
716,2.0922384,0,1.8186774
717,1.497598,0,1.2114841
718,2.0385013,0,1.8159616
719,1.895886,0,1.5371896
720,2.1727748,0,1.8944447
721,1.7030357,0,1.3103572
722,1.8495166,0,1.5275635
723,1.0310296,0,0.97827524
724,1.0310296,0,0.97827524
725,1.5855575,0,1.1518556
726,2.3722448,1,2.009933
727,2.239346,1,1.961228
728,2.309372,1,2.029094
729,2.8549933,1,2.4994793
730,1.9218177,0,1.7020888
731,2.0857666,0,1.7779956
732,2.9101787,1,2.5905948
733,2.6852136,1,2.3816614
734,2.8430614,1,2.5330691
735,2.8156543,1,2.4643853
736,2.0963147,1,1.8633745
737,1.4670767,0,1.19684
738,2.346288,1,2.0555239
739,2.0734828,0,1.8201197
740,2.2085447,1,1.9538753
741,2.205071,0,1.9294287
742,2.24477,1,1.9654009
743,1.9018865,0,1.6277266
744,2.1981032,1,1.9602242
745,1.3712957,0,1.0939889
746,2.4411664,1,2.1538243
747,2.5005538,1,2.195264
748,3.1618438,1,2.794622
749,2.256113,1,1.9683588
750,2.6223664,1,2.3115149
751,2.00788,1,1.788771
752,2.2332969,1,1.9865233
753,1.8072288,0,1.5792104
754,2.119371,0,1.8650644
755,1.0310296,0,0.97827524
756,1.0310296,0,0.97827524
757,1.5206681,0,1.2051399
758,2.006004,0,1.7003214
759,3.3724656,1,2.9874136
760,2.3896685,0,2.0382864
761,2.1219306,0,1.8338447
762,2.255525,0,1.9617236
763,1.7185998,0,1.4019663
764,1.7931371,0,1.5186212
765,1.6595404,0,1.4127004
766,2.7589545,1,2.4395008
767,1.8846414,0,1.6559277
768,2.1532516,0,1.8428321
769,2.3586378,1,2.0862713
770,2.563386,0,2.2651894
771,2.0961208,0,1.854089
772,2.703915,1,2.3603055
773,2.8422074,1,2.5135553
774,2.2700763,1,1.9944123
775,2.2283273,1,1.9897369
776,2.4399853,1,2.1626217
777,3.281963,1,2.9550686
778,2.3845363,0,2.1051314
779,2.1387498,1,1.9052696
780,2.4428055,1,2.1634777
781,2.1287007,1,1.8790407
782,2.4329724,0,2.122576
783,2.4305797,1,2.138026
784,1.9887507,0,1.6635175
785,1.6748325,0,1.4015688
786,2.632658,1,2.3187826
787,2.0394933,0,1.8149318
788,2.1869469,0,1.9352083
789,2.2027647,0,1.986309
790,2.5011468,1,2.24231
791,2.0256107,0,1.8157141
792,2.3385582,0,2.0249474
793,2.3777103,0,2.073725
794,2.521626,0,2.2305908
795,2.4276028,1,2.1533315
796,2.169918,0,1.7907238
797,2.2174773,0,1.8895955
798,1.7604151,0,1.337234
799,1.8861382,0,1.4418805
800,1.0310296,0,0.97827524
801,1.0310296,0,0.97827524
802,1.0310296,0,0.97827524
803,0.9540645,0,1.0675936
804,1.834482,0,1.5009575
805,3.6388166,1,3.2619421
806,3.0280046,1,2.6975102
807,1.3999511,0,1.2197449
808,2.6292083,1,2.3448083
809,3.0956225,1,2.754748
810,2.5851557,1,2.2987423
811,1.778372,0,1.5062401
812,2.4918108,1,2.2160492
813,2.5027401,1,2.2302845
814,2.6109776,1,2.3428836
815,2.08308,0,1.8698461
816,2.4536767,0,2.1742578
817,3.3485193,1,3.0051978
818,3.0100603,1,2.6947389
819,2.5347161,1,2.2685943
820,2.3165123,0,2.0492086
821,2.2349083,0,1.8323574
822,2.1794198,0,1.8402973
823,1.8271476,0,1.4264827
824,2.1296096,0,1.8214887
825,2.127852,1,1.8426454
826,1.8457254,0,1.6098998
827,2.2828224,1,2.011883
828,2.2301333,0,1.9725798
829,1.3999511,0,1.2197449
830,1.8997009,0,1.630302
831,2.3133216,0,1.9335831
832,2.2359204,0,1.9001087
833,1.359972,0,1.1119733
834,2.029267,0,1.6553688
835,1.924067,0,1.500115
836,2.1277359,0,1.8286059
837,1.3999511,0,1.2197449
838,1.625215,0,1.3390008
839,1.0310296,0,0.97827524
840,1.0310296,0,0.97827524
841,1.8395832,0,1.4500346
842,3.6148071,1,3.1961033
843,3.1410995,1,2.7765846
844,1.9882154,0,1.6899297
845,2.5409718,0,2.2479415
846,2.2704892,0,1.7834743
847,1.8803482,0,1.6157509
848,2.2055242,0,1.9026774
849,2.0563033,0,1.7572412
850,2.1586637,1,1.9121668
851,1.9609393,0,1.6999063
852,2.2868893,0,1.9619564
853,1.9470108,1,1.7308133
854,2.3553987,0,2.1006727
855,2.1443908,1,1.9280753
856,2.6296306,0,2.3574193
857,2.7851665,1,2.48011
858,1.6389742,0,1.3649652
859,2.3311205,0,2.0446622
860,2.3010435,1,1.9791074
861,2.422407,0,2.1281605
862,2.2503583,0,1.8866012
863,1.9521544,0,1.6409512
864,2.048972,0,1.6776558
865,1.8357433,0,1.3784786
866,2.0611317,0,1.781698
867,1.7312272,0,1.4932326
868,2.9024432,1,2.5835452
869,2.4819424,1,2.2029405
870,4.424988,1,3.8877087
871,3.1391385,1,2.8328972
872,1.8204005,0,1.424685
873,1.683431,0,1.2883384
874,1.0310296,0,0.97827524
875,1.0310296,0,0.97827524
876,1.3318181,0,0.9806452
877,1.4644418,0,1.1716557
878,1.0310296,0,0.97827524
879,1.0310296,0,0.97827524
880,1.0310296,0,0.97827524
881,0.9540645,0,1.0675936
882,1.6480086,0,1.3036957
883,3.1735806,1,2.8090487
884,2.8356934,1,2.5473099
885,2.9255397,1,2.6341488
886,3.5070329,1,3.1390536
887,1.8465071,0,1.4621954
888,2.3697262,0,2.0980325
889,2.3844528,1,2.1432183
890,2.8746572,1,2.582101
891,1.3999511,0,1.2197449
892,2.1565738,0,1.8455672
893,1.8849244,0,1.6688368
894,2.3306394,0,2.0972657
895,2.2976286,0,1.9384493
896,2.6599011,0,2.321021
897,2.5749478,0,2.3091908
898,2.6547694,0,2.3518925
899,1.8171904,0,1.5880659
900,2.3373115,1,2.0900834
901,2.5844903,1,2.3378296
902,2.5377283,1,2.2793064
903,1.3999511,0,1.2197449
904,2.2976408,0,2.0424638
905,2.080524,0,1.8305638
906,2.1963098,0,1.9585834
907,1.0310296,0,0.97827524
908,1.9745531,0,1.663852
909,1.5978839,0,1.2814794
910,1.8117287,0,1.478247
911,1.5016223,0,1.1709634
912,2.4687948,0,2.14666
913,2.560384,1,2.2535753
914,2.492457,0,2.1769564
915,0.953509,0,0.78161347
916,2.0212595,0,1.658236
917,2.3028712,0,2.0700023
918,1.8828454,0,1.605443
919,1.9154673,0,1.6338856
920,1.9866711,0,1.5830885
921,1.0310296,0,0.97827524
922,1.0310296,0,0.97827524
923,1.085379,0,0.872232
924,2.601133,1,2.2522118
925,3.7636118,1,3.3153486
926,2.3514285,1,2.0574293
927,2.2785873,1,2.0088744
928,3.3869302,1,3.0265865
929,2.7895312,1,2.4723244
930,2.604686,1,2.2766752
931,2.8759327,1,2.5810921
932,2.930172,1,2.6383755
933,2.2447686,0,1.9631517
934,3.0330389,1,2.7547631
935,2.289207,0,1.9785349
936,2.5047991,0,2.221015
937,2.4487772,0,2.1863112
938,2.514605,1,2.2389526
939,3.0686197,1,2.739828
940,2.979405,1,2.6495957
941,2.299191,0,2.0109744
942,2.6777024,1,2.4111605
943,2.4207764,0,2.1356626
944,1.0310296,0,0.97827524
945,1.9403038,0,1.6338184
946,2.2717094,0,2.0338302
947,2.4099903,0,2.119624
948,2.238529,0,1.8854434
949,2.2399573,0,1.9546162
950,2.1992965,0,1.962994
951,2.2107384,0,1.8612375
952,1.895114,0,1.494278
953,2.2272723,0,1.9016188
954,2.7240944,1,2.4083474
955,2.4390883,0,2.1595674
956,2.8000047,1,2.449925
957,2.3691454,0,2.0782504
958,1.0310296,0,0.97827524
959,1.0310296,0,0.97827524
960,1.3107631,0,0.93515664
961,1.692461,0,1.3939342
962,1.721146,0,1.4398587
963,1.861618,0,1.6031277
964,2.482536,1,2.1960068
965,2.6727061,1,2.4052267
966,2.0504186,0,1.781128
967,2.141705,0,1.7731626
968,3.4277947,1,3.0574412
969,2.0075762,0,1.7867106
970,1.2786615,0,1.0634465
971,2.5509348,0,2.258683
972,2.4096034,1,2.1389823
973,2.991261,1,2.6882644
974,1.9487913,1,1.7093915
975,2.7139006,1,2.4038095
976,1.3999511,0,1.2197449
977,1.7233726,0,1.3790323
978,1.0239133,0,0.91176623
979,1.5627737,0,1.2361922
980,1.5978839,0,1.2814794
981,1.9809963,0,1.7483366
982,2.0278263,0,1.7270634
983,1.9434342,0,1.5772337
984,2.5564327,1,2.2457657
985,2.8060122,1,2.5305476
986,2.7678523,1,2.4823089
987,2.2577255,0,1.9515327
988,2.2316267,1,1.9781094
989,3.1428561,1,2.767312
990,2.2373824,1,2.00215
991,2.6214552,1,2.3110995
992,2.577838,1,2.2983136
993,2.065409,0,1.633321
994,2.958213,1,2.6417434
995,2.1816869,0,1.9225922
996,2.7642024,1,2.4609592
997,2.8194685,1,2.5387678
998,2.8744087,1,2.5480201
999,2.5704036,1,2.3115861
1000,2.8548768,1,2.5605257
1001,2.8293326,0,2.4665685
1002,2.8762963,0,2.5143127
1003,2.3172517,0,2.0284517
1004,2.6228242,1,2.3231652
1005,2.7817554,1,2.4656556
1006,2.46853,1,2.2028673
1007,2.9969673,1,2.6432343
1008,2.3559012,1,2.068025
1009,2.507872,1,2.2018776
1010,2.7546,1,2.4322267
1011,2.643146,0,2.2827005
1012,2.3693337,1,2.0997388
1013,2.4273357,1,2.0846107
1014,2.037886,0,1.7100753
1015,1.6116418,0,1.2511016
1016,1.7475996,0,1.4356515
1017,2.4273357,1,2.0846107
1018,2.5674398,0,2.313284
1019,2.0975628,0,1.6704588
1021,2.8304048,1,2.4740205
1023,2.1665626,1,1.9070468
1025,2.3143802,1,2.0398428
1027,2.0675855,0,1.8527188
1029,1.8043609,0,1.56246
1031,1.9617009,0,1.732022
1033,2.3473282,0,2.0343277
1035,1.8682477,0,1.657825
1037,1.8155923,0,1.5975409
1039,1.8751359,0,1.6349372
1041,1.9929509,1,1.746155
1043,1.7808619,0,1.582962
1045,1.209758,0,0.9474416
1047,1.8429463,0,1.6525576
1049,2.1516585,0,1.8924797
1051,1.969246,0,1.6668434
1053,1.3703399,0,1.097032
1055,1.6814907,0,1.4653003
1057,2.1948326,1,1.947341
1059,1.6585758,0,1.430438
1061,1.7573979,0,1.498695
1063,1.8879209,0,1.5584793
1065,1.7002141,0,1.4138798
1067,3.246603,1,2.8014884
1069,2.2949107,0,1.9027557
1071,2.397253,0,2.0097554
1073,2.4637227,1,2.1940544
1075,2.3893075,1,2.1002455
1077,2.3938177,0,2.1291027
1079,2.2043037,0,1.962562
1081,2.193575,0,1.8749497
1083,1.5872672,0,1.2113705
1085,1.7745512,0,1.4353523
1087,1.7004676,0,1.4860548
1089,1.8319823,0,1.4555681
1091,2.190452,0,1.9397806
1093,2.1569445,0,1.9087579
1095,1.9893142,0,1.6890161
1097,1.8119996,0,1.5107586
1099,2.022208,0,1.6587994
1101,2.1926162,0,1.8757482
1103,2.3233008,0,2.0545528
1105,2.0406418,0,1.795907
1107,2.3893075,1,2.1002455
1109,2.11316,0,1.8611153
1111,2.6056242,1,2.3189406
1113,2.2444158,0,1.9280432
1115,1.7293103,0,1.445333
1117,2.065108,0,1.778708
1119,2.1344538,1,1.8940923
1121,1.959076,0,1.6894329
1125,1.0310296,0,0.97827524
1127,1.0310296,0,0.97827524
1129,1.4966646,0,1.1696508
1131,1.9440527,0,1.6978817
1132,2.0715168,0,1.789334
1133,2.408183,1,2.105042
1134,1.7066412,0,1.4894781
1135,2.328477,1,2.0847042
1136,2.4893117,0,2.2309113
1137,2.5528436,1,2.2749724
1138,2.1957188,0,1.9593508
1139,2.1668181,0,1.9322717
1140,1.9885814,0,1.7497351
1141,1.8874532,0,1.6606914
1142,1.9561542,0,1.7263678
1143,2.0735645,0,1.8269334
1144,2.0411725,0,1.8313619
1145,1.9949999,0,1.7677426
1146,1.9366959,1,1.7060521
1147,2.2783475,0,2.0238233
1148,1.8549867,0,1.581769
1149,1.7110243,0,1.4654993
1150,1.7913036,0,1.5691423
1151,1.9002843,0,1.6427306
1152,2.0874217,0,1.8400004
1153,2.1359484,1,1.8702601
1154,2.3929243,0,2.146245
1155,2.3875244,0,2.131639
1156,2.444923,0,2.1850986
1157,1.907939,0,1.6722994
1158,1.7875477,0,1.5704446
1159,2.0257306,0,1.781631
1160,1.940486,0,1.7304604
1161,1.7775748,0,1.3267977
1162,1.972159,0,1.4389493
1163,1.0310296,0,0.97827524
1164,1.0310296,0,0.97827524
1165,0.9540645,0,1.0675936
1167,1.5968008,0,1.260976
1169,1.833452,0,1.4983321
1171,1.883639,0,1.5756433
1173,1.8781619,0,1.5739465
1175,1.9613013,0,1.6351607
1177,2.2627475,0,1.9800591
1179,1.1833048,0,0.96656305
1181,1.3999511,0,1.2197449
1183,2.3301105,1,2.0684998
1185,1.781955,0,1.4185684
1187,2.1170158,0,1.8403783
1189,2.4032578,0,2.0807288
1191,2.0993254,0,1.7583277
1193,2.2602777,0,2.01528
1195,1.7954427,0,1.4805982
1197,1.9672412,0,1.6879452
1199,2.0067213,0,1.7377986
1201,2.0829248,0,1.7880616
1203,2.2660353,0,1.9782553
1205,1.8174479,0,1.5958251
1207,2.0530787,0,1.7675668
1209,2.2145672,0,1.8868828
1211,1.7534889,0,1.4591527
1213,2.1501834,1,1.9087992
1215,1.8063626,0,1.5099905
1217,1.9221611,0,1.6884105
1219,2.653341,1,2.385058
1221,2.0279644,0,1.7647841
1223,1.9568472,0,1.7194464
1225,1.9045119,0,1.5537664
1227,2.289567,0,2.03326
1229,2.2164943,0,1.9732553
1231,1.9461381,0,1.6077392
1233,1.0657929,0,0.89127374
1235,1.0310296,0,0.97827524
1237,1.0310296,0,0.97827524
1239,1.0310296,0,0.97827524
1241,1.9439816,0,1.5827332
1242,2.1214917,0,1.8436561
1243,2.0140967,0,1.6972933
1244,1.999367,0,1.7405505
1245,2.3644094,1,2.105214
1246,1.6454346,0,1.4408602
1247,1.7314494,0,1.49405
1248,1.96503,0,1.651753
1249,2.1897764,0,1.9067595
1250,2.0326927,0,1.7988774
1251,1.9530027,0,1.6597024
1252,2.057189,0,1.7604085
1253,2.6608846,1,2.2239888
1254,1.8375437,0,1.5719677
1255,1.8836443,0,1.4704036
1256,2.8809729,0,2.3500154
1257,2.6168203,1,2.1543236
1258,1.7347735,0,1.3773389
1259,1.0310296,0,0.97827524
1260,1.0310296,0,0.97827524
1261,4.3657312,1,3.8406494
1263,2.6043518,1,2.3171067
1265,2.3843548,1,2.0820823
1267,2.36058,1,2.0891886
1269,3.336094,1,2.9456754
1271,2.4354162,1,2.1239686
1273,2.4838457,1,2.1628933
1275,2.4646156,1,2.1662278
1277,2.0874732,0,1.8689611
1279,1.9520223,0,1.7199767
1281,2.4274871,0,2.1761746
1283,2.4951615,1,2.1925633
1285,2.3289893,1,2.046502
1287,2.4576871,1,2.161238
1289,2.452176,1,2.1709304
1291,2.4730976,1,2.1687472
1293,2.2685537,0,1.9736943
1295,2.399375,0,2.103498
1297,2.207275,0,1.8171756
1299,2.0373926,0,1.589031
1301,2.3605666,0,2.02677
1303,2.4657807,0,2.1657681
1305,2.4799793,1,2.1624706
1307,2.5162792,0,2.1569757
1309,2.3068128,0,1.9992778
1311,2.1488929,0,1.8809309
1313,2.5622344,0,2.2836578
1315,2.3937771,1,2.1193879
1319,1.8769448,0,1.5065923
1321,1.0310296,0,0.97827524
1323,1.0310296,0,0.97827524
1325,2.0984838,0,1.8162212
1326,2.661621,1,2.3379016
1327,2.7875097,1,2.4897952
1328,2.2878873,0,2.0257204
1329,1.575649,0,1.2654935
1330,1.8391907,0,1.4794016
1331,2.1385376,0,1.6485431
1332,1.8626423,0,1.535145
1333,2.4723067,1,2.1937442
1334,2.867303,1,2.5652714
1335,2.3601744,1,2.086556
1336,2.2511556,0,1.98693
1337,2.5573392,0,2.1848779
1338,2.532787,1,2.2439528
1339,1.5236415,0,1.1697085
1340,1.7155151,0,1.3866048
1341,1.5807714,0,1.252814
1342,2.176129,0,1.8439678
1343,1.898516,0,1.5362232
1344,2.261848,0,1.9472387
1345,1.7864906,0,1.4406681
1346,2.434475,1,2.1444354
1347,2.429485,0,2.1241946
1348,2.0996482,0,1.8425968
1349,2.0572584,0,1.7785984
1350,2.5739818,1,2.3203325
1351,1.3889743,0,1.0207816
1352,1.8283901,0,1.5456792
1353,1.0310296,0,0.97827524
1354,1.0310296,0,0.97827524
1355,1.2080375,0,0.9488782
1357,2.8526535,1,2.4737177
1359,1.854478,0,1.536362
1361,2.3613832,0,1.9986129
1363,2.3179388,1,2.055545
1365,1.7914342,0,1.3881068
1367,2.065123,0,1.7695508
1369,2.2011554,0,1.6768403
1371,1.5447335,0,1.2505591
1373,2.2268658,0,1.9531109
1375,2.0949657,0,1.7881117
1377,2.1338682,0,1.8669708
1379,2.0858996,0,1.8062446
1381,2.0821047,0,1.8362083
1383,2.4546432,1,2.1565785
1385,2.5283105,1,2.2167706
1387,2.5476928,1,2.235518
1389,2.3906798,0,2.0500023
1391,2.2967906,0,1.9711583
1393,2.0009432,0,1.6931834
1395,2.2793071,1,1.9871504
1397,2.5027575,1,2.1948347
1399,2.3498425,1,2.0488064
1401,2.94419,1,2.4661741
1403,2.244651,0,1.9140754
1405,2.5370913,1,2.2151756
1407,2.6683743,1,2.3062136
1409,2.4930677,0,2.2095873
1411,1.9946514,0,1.6325856
1413,1.646062,0,1.2049323
1415,1.4005086,0,1.0619775
1417,1.4005086,0,1.0619775
1419,1.1250142,0,0.7530994
1421,2.1180944,0,1.7587512
1423,2.436364,1,2.0837138
1427,0.98580444,0,0.78141576
1429,2.138008,0,1.8235631
1433,2.4541745,0,2.0608847
1435,2.4470756,1,2.1199365
1437,2.195537,0,1.9409926
1439,2.2095084,0,1.8933197
1441,2.1528158,0,1.8722098
1443,2.0762167,0,1.7390878
1445,2.690441,1,2.3529456
1447,1.9391499,0,1.6305716
1449,2.7375188,1,2.3671017
1451,2.5785346,1,2.2658556
1453,2.6190217,1,2.3161292
1455,2.362781,1,2.0021439
1457,2.3262057,0,2.0242023
1459,2.4422007,1,2.1007965
1461,2.8311138,1,2.5229828
1463,2.6562088,1,2.3454497
1465,2.5549183,1,2.2245173
1467,1.9842007,0,1.6428438
1469,2.148194,0,1.8288678
1471,1.9750243,1,1.6702528
1473,2.94525,1,2.5979514
1475,2.341307,1,2.089943
1477,2.2354546,1,1.9655955
1479,1.0310296,0,0.97827524
1481,1.0310296,0,0.97827524
1483,2.838552,1,2.472097
1484,2.5579197,1,2.234576
1485,1.9395282,0,1.5915277
1486,2.6803188,1,2.3691483
1487,2.604047,1,2.2863247
1488,2.9301283,1,2.551381
1490,2.3465724,0,1.9718206
1491,1.9310421,0,1.5814409
1492,2.20084,1,1.9255238
1493,2.6273258,1,2.3507447
1494,2.2045853,1,1.9374242
1495,1.9309032,0,1.5811164
1496,2.2028677,0,1.9287984
1497,2.0322018,0,1.6752172
1498,2.2131624,0,1.8539319
1499,2.5430748,1,2.246353
1500,2.2841573,1,2.008065
1501,1.8041315,0,1.4753692
1502,3.545916,1,3.1660738
1503,2.4837654,1,2.0916734
1504,2.037337,0,1.786119
1506,2.6577654,1,2.358097
1507,1.387814,0,1.1333884
1508,2.3795447,1,2.1221285
1509,2.2891006,0,2.0165486
1510,2.5522218,1,2.2727888
1511,2.7561579,1,2.4533763
1512,2.9158545,1,2.583844
1513,1.9791617,0,1.69512
1514,2.5357244,0,2.2153957
1515,1.5503536,0,1.2637541
1516,1.817714,0,1.4912003
1517,2.2157888,0,1.8542737
1518,2.1888776,0,1.8600858
1519,1.669139,0,1.2368456
1520,1.6300383,0,1.1935403
1521,1.6333437,0,1.3082643
1522,1.7943251,0,1.3107972
1523,1.0310296,0,0.97827524
1524,1.0310296,0,0.97827524
1525,2.0644095,1,1.8186857
1526,2.9631448,1,2.6082695
1527,2.600605,1,2.3273163
1528,1.53865,0,1.2636719
1529,2.5014198,1,2.2392206
1530,3.0541074,1,2.6878083
1531,2.8094618,1,2.491527
1532,1.9333558,0,1.625469
1533,2.1255198,1,1.8925879
1534,2.1634154,1,1.8819962
1535,2.1541357,1,1.918776
1536,1.7183588,0,1.404845
1537,2.152991,1,1.9145455
1538,2.3843951,1,2.1090763
1539,2.7502217,1,2.4562922
1540,2.5667334,1,2.2763894
1541,2.672716,1,2.3920135
1542,1.8969567,0,1.5932969
1543,2.0614994,0,1.8344023
1544,2.3323696,0,2.025651
1545,1.839012,0,1.552113
1546,2.2924652,1,2.0310216
1547,2.4964886,1,2.2338576
1548,2.1989093,0,1.9588736
1549,2.3418012,0,2.0675206
1550,1.9269471,0,1.6504848
1551,2.072564,0,1.86428
1552,1.6179047,0,1.318826
1553,2.0108616,0,1.7395445
1554,2.2758055,1,1.9799919
1555,2.7967002,1,2.4779315
1556,2.2502248,0,1.8711199
1557,2.2840996,1,2.0283647
1558,1.0310296,0,0.97827524
1559,1.0310296,0,0.97827524
1560,1.0310296,0,0.97827524
1561,1.2800565,0,0.94041735
1562,1.333563,0,1.0547707
1563,3.6932836,1,3.2833765
1564,2.9934287,1,2.6734302
1565,2.6337419,1,2.3218155
1566,2.7056959,1,2.4192443
1567,2.299053,1,2.0385928
1568,2.668088,1,2.360961
1569,2.1802824,0,1.9171163
1570,2.1571789,0,1.948087
1571,2.2842011,0,2.0233183
1572,2.1254818,0,1.8929498
1573,1.5146209,0,1.2464298
1574,2.5396287,1,2.2595303
1575,2.1629336,0,1.8746505
1576,1.8997495,0,1.6965785
1577,2.047531,1,1.8272197
1578,2.200262,1,1.9696543
1579,2.1021345,0,1.814455
1580,2.3283873,1,2.0788043
1581,2.4928598,1,2.214962
1582,2.3846188,1,2.1229227
1583,2.024962,0,1.7133598
1584,1.94847,0,1.6680256
1585,3.0323644,1,2.6355267
1586,2.4187963,0,2.1639025
1587,2.213897,0,1.8665783
1588,1.9887912,0,1.7541429
1589,3.0509496,1,2.6940546
1590,2.4155688,1,2.1213782
1591,1.4226761,0,1.0286067
1592,1.8041844,0,1.5084059
1593,1.0310296,0,0.97827524
1594,1.0310296,0,0.97827524
1595,1.7504103,0,1.4533947
1596,2.5454538,1,2.2354789
1597,2.996768,1,2.6864696
1598,1.7266481,0,1.4658072
1599,2.467,1,2.2026672
1600,2.3319473,0,2.1062367
1601,2.367054,1,2.109416
1602,2.0124793,0,1.7588525
1603,1.7826654,0,1.5880628
1604,1.3392403,0,1.1353822
1605,2.0560403,0,1.8345244
1606,2.2330265,0,1.9961874
1607,2.2951093,0,2.035359
1608,2.1707845,0,1.9307985
1609,2.269208,1,2.0270252
1610,2.4706385,1,2.168468
1611,2.3594077,1,2.0825226
1612,2.5326767,1,2.235217
1613,2.712953,1,2.4218283
1614,1.8670237,0,1.615287
1615,2.1037784,0,1.8848035
1616,1.6120031,0,1.4254575
1617,2.222523,1,1.9641542
1618,1.8474557,0,1.6413624
1619,1.9887686,0,1.7512678
1620,2.0926802,0,1.8396314
1621,2.0858278,1,1.8658669
1622,2.2446442,0,2.000322
1623,2.4085793,0,2.127037
1624,1.6385913,0,1.3961114
1625,2.3735857,1,2.074172
1626,1.8710384,0,1.4525409
1627,1.8555735,0,1.528728
1628,1.0310296,0,0.97827524
1629,1.0310296,0,0.97827524
1630,1.0310296,0,0.97827524
1631,1.6021341,0,1.3648869
1632,2.3463917,1,2.0965266
1633,2.6191351,1,2.346818
1634,2.1921778,1,1.9356189
1635,1.9875797,0,1.7799025
1636,1.947058,0,1.7105256
1637,1.8254613,0,1.6360571
1638,2.3342803,1,2.0905685
1639,2.1822743,0,1.9444733
1640,2.8777812,1,2.5934567
1641,2.595569,1,2.3226762
1642,2.3853884,1,2.1372454
1643,2.4927986,1,2.2297692
1644,2.130465,1,1.9158612
1645,2.3883927,0,2.1223762
1646,2.0931747,0,1.8227216
1647,1.8644637,0,1.6539903
1648,2.077519,0,1.8358401
1649,2.1365101,0,1.8963286
1650,1.9551542,0,1.7244513
1651,2.0253856,0,1.8090484
1652,3.0039892,1,2.6881323
1653,2.528972,1,2.285632
1654,2.9327626,1,2.647368
1655,2.7838373,1,2.4919605
1656,2.4647045,0,2.1341212
1657,2.3939238,0,2.0936613
1658,2.062452,0,1.8534062
1659,2.1126182,0,1.8887787
1660,2.1929207,0,1.9363973
1661,1.9317257,0,1.6977172
1662,2.3931794,1,2.1423717
1663,1.7792059,0,1.5459287
1664,1.9147804,0,1.4977261
1665,2.0325055,0,1.5449716
1666,1.0310296,0,0.97827524
1667,1.0310296,0,0.97827524
1668,1.0310296,0,0.97827524
1669,2.1207945,1,1.7984645
1670,2.6682782,0,2.3493748
1671,2.3736632,1,2.1025505
1672,2.5224288,1,2.1808264
1673,2.1561966,1,1.849966
1674,2.2291284,1,1.9681244
1675,2.3161526,1,2.043613
1676,2.2962923,1,2.0485365
1677,2.1468222,1,1.8827138
1678,2.3032026,1,2.0442178
1679,2.3848279,0,2.095401
1680,1.8776692,0,1.5965838
1681,1.8948406,0,1.657762
1682,2.0373027,1,1.787534
1683,2.2602088,0,1.9730108
1684,2.209451,0,1.7460425
1685,2.5338283,1,2.2334924
1687,1.561123,0,1.1638613
1689,2.498259,1,2.1722999
1691,2.2661042,0,1.8999083
1693,2.1408844,0,1.8943496
1695,2.0403304,0,1.8032488
1697,2.0934045,0,1.7776885
1699,2.0578208,0,1.7327511
1701,2.3325305,1,2.0356417
1703,2.8927622,1,2.521257
1705,2.026747,1,1.7864733
1707,2.2265763,1,1.9558638
1711,2.255204,0,1.9438753
1713,2.0857918,0,1.8501425
1715,1.8777082,0,1.5475326
1716,2.5234294,1,2.2423496
1717,2.304045,0,2.0410752
1718,2.2597146,1,2.0061247
1719,2.2459893,0,1.9774592
1720,2.0207207,1,1.7788346
1721,2.2828703,0,2.0044894
1722,2.0263383,0,1.7895639
1723,1.8677144,0,1.549559
1724,1.964148,0,1.7226598
1725,1.6196097,0,1.3780925
1726,2.024927,0,1.7987559
1727,2.5290918,0,2.209384
1728,2.3692844,0,2.0501475
1729,2.0349803,0,1.8012542
1730,2.041513,0,1.7944853
1731,2.2555885,0,1.9659169
1732,2.2721786,0,2.0051317
1733,1.9391818,0,1.7211084
1734,2.0783577,0,1.86038
1735,1.9200401,0,1.6651736
1736,2.2879708,0,2.070381
1737,2.316498,1,2.041518
1738,2.0620272,1,1.8464222
1739,2.4044492,0,2.144362
1740,2.175758,0,1.9327013
1741,2.351827,0,2.0934315
1742,1.8886828,0,1.6714454
1743,2.6290507,0,2.3712351
1744,2.06637,1,1.8448768
1745,1.9342337,0,1.5015116
1746,2.0075862,0,1.557338
1747,1.0310296,0,0.97827524
1748,1.0310296,0,0.97827524
1749,1.9037161,0,1.537314
1750,2.9689546,1,2.6468678
1751,2.5966437,1,2.2832332
1752,2.5381982,1,2.2092395
1753,2.6171443,0,2.2392745
1754,2.6054978,1,2.308859
1755,2.3888748,1,2.0886796
1756,2.6725922,1,2.398788
1757,2.664929,1,2.347125
1758,2.1306348,0,1.9001205
1759,2.715918,1,2.4171488
1760,2.457079,0,2.056258
1761,1.895114,0,1.494278
1762,2.3616168,0,2.0465155
1763,2.246699,0,1.826927
1764,1.9899619,0,1.6794746
1765,1.3999511,0,1.2197449
1766,1.331361,0,1.0449529
1767,1.9359689,1,1.595542
1768,2.2947214,0,1.9712715
1769,1.9352565,0,1.6436304
1770,2.208436,1,1.9634658
1771,2.448562,1,2.1593695
1772,2.980265,1,2.6760504
1773,1.0310296,0,0.97827524
1774,1.0310296,0,0.97827524
1775,1.0239133,0,0.91176623
1776,1.6615331,0,1.3463881
1777,1.6910181,0,1.3275898
1778,2.824371,1,2.4840603
1779,2.725714,1,2.4150045
1780,2.509808,1,2.230465
1781,2.04876,1,1.807408
1782,1.9983449,0,1.750592
1783,1.9164225,0,1.6299374
1784,2.3466558,1,2.0750287
1785,2.016746,0,1.7760515
1786,1.5903299,0,1.2948103
1787,1.8312728,0,1.5788864
1788,1.6500716,0,1.354156
1789,1.6934636,0,1.4700273
1790,1.5029716,0,1.15475
1791,1.5765221,0,1.2416205
1792,2.7102947,1,2.3928163
1793,2.4835105,0,2.2133496
1794,1.75857,0,1.4832053
1795,2.6763086,1,2.3855321
1796,1.8330045,0,1.5720236
1797,1.9969158,0,1.7428775
1798,2.0205765,1,1.7611222
1799,1.962337,0,1.6983131
1800,1.6018436,0,1.2885993
1801,1.5646213,0,1.270603
1802,1.5217327,0,1.168062
1803,1.4943044,0,1.1271187
1804,1.424151,0,1.0576756
1805,1.97979,0,1.5941622
1806,1.7065489,0,1.2629501
1807,1.8433735,0,1.3583088
1808,1.0310296,0,0.97827524
1809,1.0310296,0,0.97827524
1810,1.4707055,0,1.1262708
1811,1.6957852,0,1.4101431
1812,1.2121468,0,0.9414406
1813,1.6906521,0,1.2207878
1814,1.8494048,0,1.3767353
1815,1.6300383,0,1.1935403
1816,1.0310296,0,0.97827524
1817,1.0310296,0,0.97827524
1818,1.0221235,0,0.8011037
1819,1.6300383,0,1.1935403
1820,0.80602205,0,0.6554236
1821,1.6300383,0,1.1935403
1822,1.0324141,0,0.77514267
1823,1.6300383,0,1.1935403
1824,1.4831359,0,1.104975
1825,1.6533394,0,1.1894348
1826,1.5295556,0,1.1325793
1827,2.3425548,0,1.9396992
1828,1.5657048,0,1.2402843
1829,1.5151858,0,1.1361885
1830,1.6260498,0,1.2564188
1831,2.3521175,0,2.0411487
1832,2.0574808,0,1.7387652
1833,2.4663641,1,2.2001355
1834,2.085455,0,1.8316267
1835,2.0787227,0,1.7177591
1836,1.3234227,0,0.9626506
1837,1.2080375,0,0.9488782
1839,2.3710918,1,2.0637534
1841,2.2357063,0,1.9186764
1843,2.1673853,0,1.8280904
1845,1.6868668,0,1.4276471
1847,2.2412705,0,1.9627974
1849,1.952746,0,1.7073069
1851,1.8314049,0,1.4648628
1853,1.5478662,0,1.1945865
1855,1.9122943,0,1.5873128
1857,2.328102,0,1.9223332
1859,1.7782946,0,1.4181641
1861,1.9140999,0,1.5412948
1863,1.7617152,0,1.4012375
1865,0.7587851,0,0.63764113
1867,1.7274724,0,1.4023927
1869,2.5296493,0,2.2263913
1871,1.9875617,0,1.6523119
1873,2.436627,1,2.130552
1875,2.0389636,0,1.7317286
1877,3.171588,1,2.8042636
1879,3.0262144,1,2.6460557
1881,1.9922395,0,1.5749619
1883,1.5210468,0,1.1373591
1885,1.9403414,1,1.6890656
1886,0.9540645,0,1.0675936
1887,1.7373738,0,1.4684935
1888,2.9341135,1,2.6236486
1889,2.9602337,1,2.6361005
1890,2.8041975,1,2.4995658
1891,2.4194455,1,2.1359658
1892,2.2847373,0,1.9347183
1893,2.3309345,0,1.9660635
1894,1.9916313,0,1.6876094
1895,2.2233872,0,1.9588702
1896,2.6158657,1,2.296661
1897,2.4531298,1,2.1751087
1898,1.8549583,0,1.5843456
1899,2.1608272,0,1.831751
1900,2.456452,1,2.151214
1901,1.6503417,0,1.4174902
1902,1.9609358,0,1.624584
1903,2.139101,0,1.7717323
1904,1.0310296,0,0.97827524
1905,1.890176,0,1.5740038
1906,2.2958126,0,1.7296317
1907,2.0512846,0,1.7682743
1908,1.6981447,0,1.3790815
1909,2.0042093,0,1.77627
1910,2.2993124,0,2.0107646
1911,2.4283304,1,2.0880642
1912,1.8580633,0,1.538175
1913,2.4713488,1,2.171485
1914,1.9064748,0,1.5877165
1915,2.3352852,0,2.0482852
1916,1.0310296,0,0.97827524
1917,1.0310296,0,0.97827524
1918,1.0310296,0,0.97827524
1919,1.9177499,0,1.6580575
1920,3.1064506,1,2.70052
1921,3.055141,1,2.7223809
1922,2.175456,0,1.9309133
1923,2.4469194,1,2.167703
1924,2.07567,0,1.7637587
1925,2.5711217,1,2.2704637
1926,2.5016956,1,2.2071476
1927,2.3451874,0,1.9998915
1928,2.4947221,0,2.2058315
1929,2.4190779,1,2.1296866
1930,2.1017954,0,1.8869649
1931,2.571787,1,2.3026135
1932,2.4349215,0,2.1419
1933,2.176927,0,1.9413819
1934,2.5214372,1,2.224727
1935,2.7224982,1,2.4056034
1936,2.1802313,0,1.7889001
1937,2.2955775,0,1.9900715
1938,2.8039756,1,2.424014
1939,2.8412051,1,2.4853048
1940,3.2405443,1,2.898106
1941,2.8033118,1,2.4656508
1942,1.693169,0,1.3075577
1943,2.2704463,0,1.9828224
1944,1.9833956,0,1.6735339
1945,1.8606374,0,1.5376987
1946,1.9793515,0,1.7354876
1947,1.8430729,0,1.604135
1948,1.3306508,0,1.1102657
1949,2.3964925,1,2.1136906
1950,1.7189982,0,1.3027531
1951,1.855995,0,1.4253623
1952,1.4016584,0,1.0559214
1953,1.9026151,0,1.386388
1954,1.0310296,0,0.97827524
1955,1.0310296,0,0.97827524
1956,1.0310296,0,0.97827524
1957,1.8673027,0,1.5849475
1958,2.7119231,1,2.4074292
1959,2.7195985,1,2.387881
1960,2.5753076,1,2.2661703
1961,2.6137366,1,2.3179045
1962,2.370098,1,2.0769777
1963,2.135302,1,1.8933442
1964,2.4730382,0,2.062981
1965,2.5745945,0,2.1652946
1966,2.0233688,0,1.7420892
1967,2.1518664,0,1.7967815
1968,2.2750196,0,2.0152998
1969,2.1640346,0,1.8715227
1970,2.2429,0,1.9422941
1971,2.118618,0,1.8533072
1972,2.3687732,0,2.0865839
1973,2.349062,0,1.9880049
1974,2.5044882,1,2.2193997
1975,2.4137511,0,2.107461
1976,2.2485788,0,1.983034
1977,2.1672378,0,1.8761007
1978,2.6698518,1,2.3512304
1979,2.705831,1,2.3566048
1980,2.4953234,0,2.2290893
1981,2.2350228,0,1.9407387
1982,2.1357694,0,1.8258048
1983,2.0180025,0,1.7547612
1984,1.9449474,0,1.6207818
1985,1.8932233,0,1.5640326
1986,1.9815274,0,1.5736371
1987,1.7676601,0,1.3779752
1988,1.0310296,0,0.97827524
1989,1.0310296,0,0.97827524
1990,0.9540645,0,1.0675936
1991,1.6462884,0,1.3981168
1992,3.8388743,1,3.4447973
1993,3.0534322,1,2.685027
1994,2.9407482,1,2.6108048
1995,2.5774012,1,2.3005576
1996,4.361683,1,3.827279
1997,2.8886094,1,2.5713403
1998,2.5088177,1,2.2590997
1999,2.4261532,1,2.1471665
2000,2.4663806,1,2.1995425
2001,2.771282,1,2.4799252
2002,1.461206,0,1.2176425
2003,2.5312128,0,2.2434216
2004,2.6816933,1,2.4195647
2005,2.8657794,1,2.5997121
2006,4.424988,1,3.8877087
2007,2.4472752,0,2.1364446
2008,2.3904376,1,2.0962956
2009,2.282308,0,2.0434406
2010,1.3999511,0,1.2197449
2011,1.4237239,0,1.1663648
2012,1.3999511,0,1.2197449
2013,1.7882545,0,1.5212247
2014,2.2648625,1,1.9443507
2015,2.311253,1,2.0408006
2016,1.8776066,0,1.4263895
2017,1.7826025,0,1.4411591
2018,2.286286,0,1.9567835
2019,2.0719824,0,1.820383
2020,1.0310296,0,0.97827524
2021,1.0310296,0,0.97827524
2022,2.43323,0,2.0702178
2023,2.626709,1,2.3418398
2024,2.1338983,0,1.8804208
2025,2.2854981,1,2.021146
2026,2.4298973,0,2.139287
2027,2.677007,1,2.3791487
2028,2.2771196,0,1.9217466
2029,2.3416777,0,2.0531814
2030,2.456458,0,2.2023249
2031,2.671566,1,2.406779
2032,2.526598,1,2.2435334
2033,2.335755,1,2.0723293
2034,3.0426111,1,2.7132764
2035,2.2198045,1,1.9782012
2036,1.9688754,0,1.6772625
2037,2.1144698,0,1.8810627
2038,1.5489357,0,1.3636043
2039,1.8640647,0,1.6457751
2040,2.2320662,0,1.9991405
2041,2.0911188,0,1.829299
2042,2.1499765,0,1.9054308
2043,2.2064297,0,1.962354
2044,2.3881993,1,2.1278327
2045,2.2042081,0,1.945029
2046,2.2506413,0,1.9343865
2047,1.8938924,0,1.6096096
2048,2.326542,0,2.0574079
2049,2.3691952,0,2.064783
2050,1.8764621,0,1.6727074
2051,1.8595712,0,1.6403742
2052,1.975896,0,1.6679671
2053,2.1010852,0,1.8420866
2054,1.9324063,0,1.4875202
2055,2.0754478,0,1.6597157
2056,1.0310296,0,0.97827524
2057,1.0310296,0,0.97827524
2058,1.1050769,0,0.964697
2060,0.9540645,0,1.0675936
2062,1.2080375,0,0.9488782
2064,3.0589817,1,2.7556953
2066,2.0569596,1,1.8092204
2068,1.6344954,0,1.3356584
2070,2.071299,0,1.7582153
2072,2.9010072,1,2.5870306
2074,2.2047918,0,1.8774633
2076,1.2685945,0,1.2961524
2078,2.077867,0,1.8011799
2080,2.296681,0,2.0193598
2082,2.336929,0,2.053634
2084,1.9380808,0,1.6497974
2086,2.3551002,1,1.9286683
2088,2.2922978,0,1.998317
2090,2.1584666,0,1.6954751
2092,2.4649386,0,2.1673236
2094,1.660497,0,1.3945996
2096,1.9134033,0,1.6443566
2098,2.2619429,1,1.9969227
2100,2.2374558,0,1.9581279
2102,2.1149035,1,1.8550942
2104,2.1470625,0,1.8138058
2106,1.8622112,0,1.6401708
2108,1.6384082,1,1.3431469
2110,1.3999511,0,1.2197449
2112,1.3060251,1,1.0576651
2114,2.0186357,0,1.6172155
2116,2.3086214,0,2.072258
2118,2.0698202,1,1.8018026
2120,1.0310296,0,0.97827524
2122,1.0310296,0,0.97827524
2124,1.0310296,0,0.97827524
2126,1.7360113,0,1.5015548
2127,3.1882546,1,2.8016253
2128,2.6751347,1,2.3525112
2129,2.3206902,1,2.0698535
2130,2.973823,1,2.6601567
2131,2.259716,0,2.009346
2132,1.9866236,0,1.7854475
2133,2.2820008,0,2.0164163
2134,2.0392847,0,1.7957172
2135,2.102013,0,1.8557351
2136,1.9150077,0,1.7125567
2137,1.9910369,0,1.7576714
2138,1.8434343,0,1.5831535
2139,1.816726,0,1.5161178
2140,2.132255,0,1.876072
2141,1.8081061,0,1.4987501
2142,1.692499,0,1.469357
2143,2.0568826,0,1.7875134
2144,2.0136654,0,1.8081661
2145,2.5864322,0,2.3147578
2146,2.4914546,0,2.2159536
2147,1.7019739,0,1.3730123
2148,1.8232799,0,1.5050346
2149,1.9069724,0,1.4835799
2150,1.8507925,0,1.4315914
2151,1.0310296,0,0.97827524
2152,1.9745531,0,1.663852
2153,2.4156027,0,2.037987
2154,2.6328845,0,2.3340502
2155,2.1519904,0,1.9218056
2156,2.2048821,0,1.9659843
2157,1.9583534,0,1.6798048
2158,1.9069589,0,1.5789552
2159,1.0310296,0,0.97827524
2160,1.0310296,0,0.97827524
2161,1.4441612,0,1.0943892
2162,1.6886511,0,1.3221858
2163,1.8357433,0,1.3784786
2164,1.8951207,0,1.527313
2165,2.156689,0,1.826716
2166,2.0275686,0,1.4789131
2167,2.156689,0,1.826716
2168,1.8453255,0,1.389044
2169,1.0310296,0,0.97827524
2170,1.0310296,0,0.97827524
2171,0.9009013,0,0.65960306
2173,1.1050769,0,0.964697
2175,1.2493513,0,1.0196793
2177,1.2080375,0,0.9488782
2179,1.8729553,0,1.6085413
2181,2.8031569,1,2.4671724
2183,2.249834,0,1.9278983
2185,2.7857623,1,2.4143846
2187,2.197112,0,1.923455
2189,2.467661,0,2.0885713
2191,1.5565835,0,1.2561326
2193,2.44385,0,2.0754511
2195,1.8846972,0,1.4676354
2197,2.9337525,1,2.5825934
2199,2.172489,0,1.7361252
2201,2.4968145,0,2.052841
2203,1.6389687,0,1.2316494
2205,2.701435,1,2.3819504
2207,2.41579,0,1.9432173
2209,2.4493294,0,2.0721548
2211,2.0361,0,1.6720273
2213,2.2742028,0,1.6854141
2215,1.5310713,0,1.1949599
2217,2.1741567,0,1.790231
2219,1.893008,0,1.4853575
2221,1.5814649,0,1.1957178
2223,3.571166,1,2.799802
2225,2.4426942,0,1.9639916
2227,2.116044,0,1.6308743
2229,1.6261101,0,1.2987431
2231,1.0310296,0,0.97827524
2233,1.0310296,0,0.97827524
2235,0.97340155,0,0.8914419
2237,1.1050769,0,0.964697
2239,1.7588812,0,1.4082528
2241,2.559289,1,2.28828
2243,2.0022204,0,1.649811
2245,1.848916,0,1.4657156
2247,3.8626966,1,3.4545374
2249,1.5947677,0,1.2404394
2251,1.6406018,0,1.2330196
2253,1.9446082,0,1.6883845
2255,1.980416,0,1.7480663
2257,1.37132,0,1.0264933
2259,1.793368,0,1.5166535
2261,1.578702,0,1.3610868
2263,2.0863805,0,1.8481402
2265,0.9218615,0,0.75281423
2267,1.7748861,0,1.521169
2269,1.1054906,0,0.9018428
2271,1.779701,0,1.4452212
2273,2.062629,0,1.7430794
2275,2.5959785,0,2.2782207
2277,2.120174,1,1.8526585
2279,1.7964904,0,1.4679155
2281,1.544609,0,1.1796978
2283,1.7034445,0,1.4732482
2289,1.9859395,0,1.6762568
2293,1.0310296,0,0.97827524
2295,1.0310296,0,0.97827524
2297,1.4622965,0,1.1632249
2301,1.0310296,0,0.97827524
2303,1.0310296,0,0.97827524
2305,1.6514115,0,1.3191223
2307,2.361619,1,1.986342
2309,1.0310296,0,0.97827524
2311,1.0310296,0,0.97827524
2313,1.5370264,0,1.1143339
2315,1.34389,0,0.97822493
2317,1.9683509,1,1.6982131
2318,2.0299814,0,1.7009175
2319,2.6763215,1,2.388667
2320,2.0722399,0,1.763874
2321,2.3400571,1,2.1055503
2322,2.3181129,1,2.0960646
2323,2.2173486,1,1.9386868
2324,2.3800793,1,2.0831106
2325,2.0834086,1,1.816443
2326,2.5867052,1,2.281911
2327,2.9274597,1,2.6499898
2328,2.308766,0,1.9993502
2329,2.8041604,1,2.5038393
2330,2.1344755,0,1.8160315
2331,2.5271714,1,2.2467182
2332,2.2152634,1,1.9207318
2333,2.6299438,1,2.34097
2334,2.2775822,0,2.025345
2335,2.2448876,1,1.98912
2336,2.1869056,0,1.9306619
2337,1.8288467,0,1.6217165
2338,1.9152805,0,1.6079478
2339,2.0413184,0,1.7718515
2340,2.1755116,1,1.9199183
2341,2.5239797,1,2.2427742
2342,2.287872,0,2.002484
2343,1.8125398,0,1.579861
2344,2.4786286,1,2.2165809
2345,2.3789918,1,2.1157656
2346,1.9981339,1,1.7690058
2347,1.9488766,0,1.7270502
2348,2.1012986,0,1.80068
2349,2.010221,1,1.7715526
2350,1.6740899,0,1.4375359
2351,1.7369957,0,1.4261669
2352,1.9079754,0,1.6143038
2353,2.0250096,0,1.7205613
2354,1.4999199,0,1.0863926
2355,1.6300383,0,1.1935403
2356,1.0310296,0,0.97827524
2357,1.0310296,0,0.97827524
2358,1.0310296,0,0.97827524
2359,1.1050769,0,0.964697
2360,1.1050769,0,0.964697
2361,2.1812162,0,1.8185697
2362,2.611827,1,2.2623134
2363,2.2975998,1,1.9708028
2364,3.144764,1,2.7511966
2365,2.5101745,1,2.2077875
2366,2.812364,1,2.5197868
2367,2.4537215,1,2.160422
2368,2.6261106,1,2.3179624
2369,2.3281941,0,2.0501206
2370,2.2036011,0,1.962099
2371,2.036264,0,1.780637
2372,2.1627986,0,1.8914092
2373,1.9664403,0,1.7448338
2374,2.3564801,0,2.0909288
2375,1.0310296,0,0.97827524
2376,1.0310296,0,0.97827524
2377,1.1050769,0,0.964697
2379,1.0042799,0,0.8506825
2381,2.6115441,1,2.3315837
2383,1.8430376,0,1.5962948
2385,2.0108843,0,1.7458613
2387,1.6774545,0,1.3848193
2389,2.112453,1,1.8693123
2391,2.2126608,0,1.9416897
2393,2.116771,0,1.8578434
2395,2.3363438,0,2.0048895
2397,2.3112967,0,2.0502222
2399,1.7992399,0,1.4357972
2401,1.2961832,0,1.031734
2403,2.2681339,0,1.960504
2405,2.2481055,0,1.9004292
2407,2.6311917,1,2.3280609
2409,1.4139766,0,1.2060359
2411,2.1619856,0,1.7276514
2413,2.1022613,0,1.8329177
2415,1.9352565,0,1.6436304
2417,2.66076,1,2.361966
2419,1.740381,0,1.4580967
2421,1.8400891,0,1.3702695
2423,1.0310296,0,0.97827524
2425,1.0310296,0,0.97827524
2427,1.0310296,0,0.97827524
2429,1.0310296,0,0.97827524
2431,1.0310296,0,0.97827524
2433,1.0310296,0,0.97827524
2435,3.0079527,1,2.542777
2437,1.1701727,0,0.9335856
2439,1.3401234,0,1.0111948
2441,1.9301257,0,1.651845
2443,2.3950415,0,2.0493326
2445,1.8236992,0,1.4920862
2447,1.3999511,0,1.2197449
2449,1.1413713,0,0.9750308
2451,2.1358902,0,1.8618569
2453,2.0078235,0,1.7599989
2455,1.5978839,0,1.2814794
2457,2.7847302,1,2.4627485
2459,1.0310296,0,0.97827524
2461,1.0310296,0,0.97827524
2463,1.0310296,0,0.97827524
2465,2.5344765,1,2.214753
2466,2.6189797,1,2.243989
2467,2.4614494,1,2.121923
2468,2.5886095,0,2.168427
2469,2.1635292,1,1.8564318
2470,2.2572896,1,1.9559005
2471,2.2592895,1,1.9599161
2472,2.0725908,0,1.796777
2473,2.1006587,1,1.833831
2474,2.8338938,1,2.5289893
2475,2.19393,0,1.9013815
2476,2.6270223,1,2.3499045
2477,2.132473,0,1.8091187
2478,1.5756023,0,1.2326491
2479,1.5121682,0,1.1360822
2480,1.1873517,0,0.91430205
2481,2.3634555,1,2.0697641
2482,2.3568892,1,2.0680103
2483,2.1317122,0,1.8600299
2484,2.2849278,1,2.0424993
2485,2.3807344,1,2.1121657
2486,1.8820386,0,1.6447326
2487,2.4925575,1,2.2032304
2488,2.1059494,0,1.838073
2489,2.4772518,0,2.1766565
2490,2.140778,0,1.8373194
2491,2.2374592,0,1.9904488
2492,2.0072732,0,1.695495
2493,2.4019928,1,2.1391728
2494,2.0110936,0,1.7751883
2495,1.9826128,0,1.6933458
2496,1.5893699,0,1.2974427
2497,1.7893294,0,1.5560682
2498,1.7744367,0,1.5580956
2499,1.25003,0,1.0339774
2500,1.6697364,0,1.4242814
2501,2.4487562,1,2.175854
2502,1.7674149,0,1.4777082
2503,2.045818,0,1.8217869
2504,1.7467673,0,1.4933178
2505,1.9135288,0,1.7004552
2506,1.749464,0,1.464524
2507,2.024289,0,1.7859459
2508,1.9792767,0,1.7388256
2509,2.1534538,0,1.9160471
2510,1.7401338,0,1.5145178
2511,2.465149,1,2.177353
2512,2.4455671,1,2.1612897
2513,2.032285,0,1.7241205
2514,2.011507,0,1.7191107
2515,1.9450818,0,1.4909253
2516,2.070113,0,1.648771
2518,1.8199377,0,1.4659657
2519,1.6303025,0,1.3122737
2520,1.6883891,0,1.4078008
2521,1.1050769,0,0.964697
2522,1.9181879,0,1.6728382
2523,3.3471751,1,2.9951353
2524,3.004499,1,2.6717448
2525,2.7049274,1,2.419152
2526,2.6196427,1,2.2947822
2527,1.0264196,0,0.90237975
2528,2.1179972,0,1.8957553
2529,2.5592537,0,2.2205262
2530,2.6650686,0,2.33809
2531,1.7266563,0,1.2350497
2532,2.0946896,0,1.6516056
2533,1.945481,0,1.3613153
2534,1.8453255,0,1.389044
2535,1.4005086,0,1.0619775
2536,1.9283335,0,1.6024859
2537,1.7269598,0,1.4319592
2538,2.6893635,1,2.3712845
2539,1.7950723,0,1.5349301
2540,2.442757,0,2.1368861
2541,2.064061,0,1.7715186
2542,2.1433115,0,1.9032933
2543,1.9752536,0,1.6582301
2545,2.6644647,1,2.3864691
2547,2.4100842,1,2.0925796
2549,1.652946,0,1.360136
2551,1.921909,0,1.5738468
2553,1.790349,0,1.4405451
2555,2.2043946,0,1.9360383
2557,1.4674537,0,1.1576787
2559,2.4063158,0,2.110315
2561,1.8550667,0,1.5593965
2563,2.0234504,0,1.7347662
2565,2.7138653,1,2.397518
2567,2.2720947,0,1.95806
2569,2.6403844,1,2.358654
2571,2.2384746,1,1.9778655
2575,2.2156086,0,1.9012719
2577,2.511382,0,2.2154105
2579,2.1411343,0,1.8286488
2581,2.1363683,0,1.8812091
2583,2.2768238,0,1.9435253
2585,2.668221,0,2.361749
2587,2.4981127,0,2.216807
2589,3.096068,1,2.7380705
2591,2.3937569,1,2.1236324
2593,3.3301673,1,2.8056316
2595,2.0470874,0,1.7137439
2597,1.9699917,0,1.5599982
2599,2.339703,0,2.0448709
2601,1.9360952,0,1.5019095
2603,1.0310296,0,0.97827524
2605,1.1050769,0,0.964697
2606,1.8429351,0,1.5551946
2607,2.1700916,1,1.9285898
2608,2.2841272,1,1.9980171
2609,2.6244695,1,2.3006086
2610,2.9469666,1,2.6388948
2611,1.7728038,0,1.5503389
2612,1.9909049,1,1.7528807
2613,2.3378782,0,2.0622582
2614,2.3172379,0,1.9850292
2615,1.783032,0,1.466925
2616,2.9379501,1,2.6338582
2617,1.5830364,0,1.3672144
2618,2.2331548,1,1.9919546
2619,2.6317413,1,2.3473756
2620,3.5336044,1,3.162824
2621,2.981996,0,2.603149
2622,3.094985,1,2.7663493
2623,1.7287225,0,1.4914038
2624,2.3092089,1,2.0264175
2625,1.6746016,0,1.2501615
2626,2.020056,0,1.6473012
2627,2.3049545,0,2.0208359
2628,2.4777017,0,2.185576
2629,2.4889288,0,2.224749
2630,2.3764195,0,2.1072943
2631,1.7266481,0,1.4658072
2632,2.5281825,0,2.1868818
2633,1.0310296,0,0.97827524
2634,1.9348427,0,1.6233722
2635,2.3029494,0,1.8304889
2636,2.1313696,0,1.7614111
2637,1.0310296,0,0.97827524
2638,1.0310296,0,0.97827524
2639,1.6103883,0,1.181634
2641,1.1050769,0,0.964697
2643,1.0322547,0,0.8239104
2645,1.9943173,1,1.7107475
2647,2.2262948,0,1.8719192
2649,2.2297823,0,1.9347218
2651,2.733053,1,2.4009643
2653,2.3672974,1,2.0160494
2655,2.3750134,0,2.0222876
2657,2.2059152,0,1.8703089
2659,2.654312,1,2.3367715
2661,2.0371692,1,1.8092629
2663,1.9420305,0,1.6165228
2665,2.4517508,0,2.1642613
2667,2.4100294,0,2.0493083
2669,2.3307934,0,2.0570617
2671,2.142247,0,1.8364025
2673,2.2495592,0,1.9544704
2675,2.0742211,0,1.8018138
2677,1.7794666,0,1.4132607
2679,1.5082524,0,1.2388628
2681,1.9639328,0,1.666707
2683,1.7653975,0,1.3468102
2685,1.0310296,0,0.97827524
2687,1.0310296,0,0.97827524
2693,3.0344455,1,2.5886946
2695,1.4928234,0,1.1530709
2697,1.5345665,0,1.1819088
2699,1.3822157,0,1.1896651
2701,1.9258225,0,1.6476523
2703,1.3102674,0,0.96855754
2705,1.7113142,0,1.4246607
2707,2.0288198,0,1.6626121
2709,2.465672,1,2.0064285
2711,1.6857755,0,1.4071136
2713,1.895114,0,1.494278
2715,2.916795,1,2.315218
2717,2.537531,1,2.2541783
2719,3.2343097,1,2.907957
2721,1.9724734,0,1.5933756
2723,2.7006185,1,2.3861248
2725,2.0819597,0,1.765877
2727,2.1695158,0,1.9026201
2729,1.9548151,0,1.6458044
2731,2.0406275,0,1.7733965
2733,2.3178604,0,2.0733836
2735,2.4296112,1,2.1615474
2737,1.9888878,0,1.7526319
2739,2.2471888,1,1.9962248
2741,2.4649744,1,2.1717558
2743,2.3366117,1,2.0619435
2745,2.1728601,1,1.9179899
2746,2.4057631,1,2.1363368
2747,2.7830803,1,2.467353
2748,1.9317019,0,1.6987889
2749,2.515575,1,2.202778
2750,2.5480118,0,2.2462783
2751,2.108872,0,1.70568
2752,1.9702373,0,1.7087864
2753,1.9844624,0,1.6955202
2754,2.027448,0,1.8045976
2755,2.3796177,0,2.1095438
2756,1.8677461,0,1.640221
2757,2.2714067,0,2.008844
2758,2.1239083,0,1.8762774
2759,1.9894824,0,1.7463446
2760,1.808134,0,1.5822582
2761,1.8555996,0,1.5477998
2762,2.0750358,0,1.8256207
2763,2.0289283,0,1.7021911
2764,2.0445254,0,1.7756233
2765,1.5156182,0,1.2152363
2766,1.8707962,0,1.6059271
2767,1.8373541,0,1.5653651
2768,1.7427585,0,1.5004456
2769,2.2001421,0,1.9543747
2770,2.1336846,1,1.8245596
2771,1.9935715,0,1.7552317
2772,1.3897521,0,1.0928057
2773,2.6040127,1,2.3295484
2774,1.7598581,0,1.5404836
2775,2.0162969,0,1.7969826
2776,1.4948759,0,1.2639918
2777,1.8861575,0,1.6400332
2778,1.0310296,0,0.97827524
2779,1.0310296,0,0.97827524
2780,1.0310296,0,0.97827524
