id,Emotion,EmotionalPolarity,Empathy
1,1.9580078,1,1.8447266
2,1.8876953,1,2.0097656
3,2.0292969,2,2.4121094
4,2.3027344,1,1.6464844
5,2.140625,2,2.4902344
6,3.0292969,2,2.4550781
7,1.9980469,1,2.3535156
8,2.1464844,2,1.875
9,2.046875,2,1.9931641
10,1.7705078,1,1.4423828
11,1.7832031,1,1.484375
12,1.3427734,1,1.2558594
13,1.5019531,1,1.3291016
14,0.91748047,1,1.1855469
15,1.2773438,1,1.2998047
16,1.8154297,1,1.3349609
17,1.9628906,1,1.4882812
18,1.6601562,1,1.5537109
19,1.8076172,1,1.6064453
20,1.4824219,1,1.0869141
21,2.1757812,1,1.7783203
22,1.9599609,1,1.6357422
23,1.9462891,1,1.9052734
24,1.5673828,1,1.6953125
25,1.8652344,1,1.6015625
26,1.2548828,1,1.1025391
27,1.34375,1,1.0986328
28,1.6982422,1,1.2763672
29,0.90185547,1,0.97998047
30,0.90185547,1,0.97998047
31,1.1025391,1,1.2724609
32,1.6826172,1,1.6572266
33,1.9169922,1,2.6152344
34,1.7646484,1,2.0703125
35,1.9462891,1,2.4453125
36,2.2070312,1,2.703125
37,2.1171875,2,2.6542969
38,1.2519531,1,1.1845703
39,1.8251953,1,2.3164062
40,1.7509766,1,2.3925781
41,2.0136719,1,2.7441406
42,2.3261719,1,2.8691406
43,3.0410156,2,3.3457031
44,2.921875,2,3.2910156
45,3.6074219,2,3.6210938
46,2.8496094,2,3.4433594
47,2.6191406,2,2.828125
48,2.4804688,1,2.8828125
49,2.0078125,1,2.9160156
50,2.5585938,2,3.296875
51,2.0605469,1,2.5058594
52,2.6523438,1,3.0703125
53,2.4257812,1,2.6855469
54,2.4980469,1,3.1132812
55,2.3164062,1,2.4570312
56,2.6875,1,3.0917969
57,2.6601562,2,3.0332031
58,2.4199219,1,2.8710938
59,1.9921875,1,2.1386719
60,2.0527344,1,2.4882812
61,2.0957031,1,2.4355469
62,2.3496094,1,2.8359375
63,0.8769531,1,0.9550781
64,0.9013672,1,0.97998047
65,1.9003906,1,2.5390625
66,3.1230469,2,3.6972656
67,2.9511719,1,3.6191406
68,3.1347656,1,3.5410156
69,2.3867188,1,3.1738281
70,2.7382812,1,3.4238281
71,2.6953125,2,3.1445312
72,2.2363281,1,2.8886719
73,2.2734375,1,2.7480469
74,2.265625,1,2.8632812
75,2.7089844,2,2.3613281
76,2.5429688,1,2.8125
77,1.0214844,1,1.0791016
78,3.015625,1,3.5292969
79,1.3154297,1,1.5849609
80,2.2207031,1,2.828125
81,2.6582031,1,3.1699219
82,2.4355469,1,2.9726562
83,2.6894531,1,3.3808594
84,2.5917969,1,3.2480469
85,1.9951172,1,2.2558594
86,2.9414062,1,3.34375
87,2.7050781,1,3.0292969
88,2.8144531,1,3.0859375
89,1.4609375,1,2.0292969
90,2.125,1,2.8632812
91,2.0371094,1,2.421875
92,2.3183594,1,2.9335938
93,2.2011719,1,2.6953125
94,2.4550781,1,3.0371094
95,1.4931641,1,1.2001953
96,2.6582031,1,2.9003906
97,1.6777344,1,1.5058594
98,1.9833984,1,1.4794922
99,1.4677734,1,1.0546875
100,1.1572266,1,0.95703125
101,1.1572266,1,0.95703125
102,0.90185547,1,0.97998047
103,1.0625,1,0.99072266
104,1.5371094,1,1.5429688
105,1.3896484,1,1.8935547
106,1.7822266,1,2.5292969
107,0.96533203,1,1.0488281
108,2.9511719,2,3.3925781
109,1.4013672,1,1.3583984
110,1.8144531,1,2.5234375
111,1.2060547,1,1.3457031
112,2.4960938,1,3.2910156
113,1.5302734,1,1.515625
114,1.9335938,1,2.5058594
115,2.0273438,1,2.2050781
116,2.7949219,2,3.5273438
117,1.46875,1,1.4677734
118,1.7568359,1,1.7539062
119,1.4707031,1,1.5117188
120,1.4580078,1,1.7324219
121,1.9658203,1,1.4101562
122,1.9208984,1,1.4648438
123,1.3457031,1,1.4150391
124,1.6191406,1,1.8339844
125,1.578125,1,1.2539062
126,1.7392578,1,1.1035156
127,0.90185547,1,0.97998047
128,1.2539062,1,1.1992188
129,1.2050781,1,1.1474609
130,1.5273438,1,1.3603516
131,1.1689453,1,1.0917969
132,1.75,1,1.3330078
133,0.9013672,1,0.9794922
134,1.2597656,1,1.2148438
135,1.5546875,1,1.1279297
136,1.9511719,1,1.4423828
137,1.3789062,1,0.9472656
138,1.3916016,1,1.0234375
139,0.9013672,1,0.9794922
140,0.9013672,1,0.9794922
141,1.2226562,1,1.3115234
142,1.7080078,1,1.7822266
143,2.1132812,1,2.8632812
144,1.4863281,1,1.8896484
145,2.0195312,1,2.6484375
146,2.0,1,2.1875
147,1.9189453,1,2.5195312
148,2.0039062,1,1.9785156
149,2.328125,1,2.75
150,1.7158203,1,1.8251953
151,2.0214844,1,2.6210938
152,2.3085938,2,2.7695312
153,2.1621094,1,2.8476562
154,1.0458984,1,1.0214844
155,1.8632812,1,1.9199219
156,3.2675781,2,3.4355469
157,3.5488281,2,3.5703125
158,2.3671875,1,3.2382812
159,3.0742188,1,3.5078125
160,2.984375,2,3.4570312
161,2.8085938,1,3.2246094
162,2.6855469,2,2.6542969
163,2.5644531,2,3.0429688
164,2.6386719,2,2.8496094
165,2.6074219,1,2.9863281
166,2.4277344,2,2.5351562
167,2.390625,1,2.6699219
168,1.59375,1,2.1386719
169,1.734375,1,2.2265625
170,2.7402344,2,2.7480469
171,2.3378906,1,2.5585938
172,2.7695312,2,2.5800781
173,2.7441406,1,3.1699219
174,2.3007812,1,2.9902344
175,2.4921875,1,3.0195312
176,2.6367188,2,2.5253906
177,2.5097656,1,2.7929688
178,1.6914062,1,2.0175781
179,2.4257812,1,2.8320312
180,2.3066406,1,2.1445312
181,2.0234375,1,1.7871094
182,1.2509766,1,1.0166016
183,1.4277344,1,1.1025391
184,1.1396484,1,1.2509766
185,1.7470703,1,1.3525391
186,1.2519531,1,1.3671875
187,1.5322266,1,1.6103516
188,1.0058594,1,0.9628906
189,0.9013672,1,0.9794922
190,1.0800781,1,1.1083984
191,1.2626953,1,1.1904297
192,1.6484375,1,1.3466797
193,2.2089844,1,2.1308594
194,1.1240234,1,1.2832031
195,1.9707031,1,2.5976562
196,1.6923828,1,1.9150391
197,2.3066406,2,2.6953125
198,1.796875,2,2.5957031
199,2.53125,2,3.3710938
200,2.75,2,3.1191406
201,2.6835938,2,3.0859375
202,1.6386719,1,1.7451172
203,2.3203125,1,2.8964844
204,1.4121094,1,1.5283203
205,1.8886719,1,2.2851562
206,1.7216797,1,1.8105469
207,2.0644531,1,2.6269531
208,2.1738281,2,2.703125
209,2.7617188,2,3.2128906
210,1.8105469,1,2.1914062
211,2.6269531,1,3.1757812
212,2.3984375,1,2.5195312
213,2.4042969,1,3.0859375
214,2.0742188,1,1.9277344
215,2.7480469,1,3.2207031
216,1.1054688,1,1.2226562
217,1.5273438,1,1.4140625
218,0.9707031,1,1.0107422
219,1.8310547,1,1.4980469
220,1.3056641,1,1.5292969
221,2.3769531,2,2.2304688
222,3.3535156,2,3.625
223,2.4042969,2,2.1269531
224,2.796875,2,3.1601562
225,1.1591797,1,1.2089844
226,2.3847656,1,2.6796875
227,2.3828125,2,3.0664062
228,2.234375,1,2.8964844
229,2.4140625,1,2.6152344
230,2.1738281,1,2.4980469
231,1.9892578,1,2.0605469
232,1.8740234,1,2.1855469
233,1.4990234,1,1.5351562
234,1.9873047,1,2.4433594
235,2.0605469,2,2.1484375
236,2.2539062,1,2.4042969
237,2.5585938,2,2.1660156
238,2.1308594,1,2.4511719
239,3.0742188,2,2.4882812
240,1.9570312,1,1.9443359
241,3.1972656,2,2.5078125
242,2.2421875,1,2.3125
243,2.3984375,1,2.21875
244,2.1933594,1,2.5585938
245,3.3125,2,2.9453125
246,3.0214844,1,3.515625
247,2.578125,1,2.5214844
248,2.2246094,1,2.3496094
249,3.2207031,2,2.4082031
250,1.5927734,1,1.4394531
251,1.5380859,1,1.2802734
252,1.4648438,1,1.5576172
253,2.3847656,2,1.6875
254,1.6376953,1,1.4921875
255,0.88964844,1,0.95703125
256,1.2285156,1,1.0341797
257,1.2958984,1,1.4472656
258,2.0195312,1,2.4394531
259,1.9716797,1,2.5644531
260,2.3105469,2,2.4902344
261,1.9355469,1,2.2890625
262,1.9707031,1,2.1132812
263,2.0136719,1,2.4511719
264,1.9042969,1,2.3652344
265,2.4765625,2,3.0664062
266,1.2802734,1,1.5849609
267,1.5429688,1,1.8974609
268,1.5791016,1,1.8476562
269,2.2480469,1,2.5898438
270,1.5869141,1,2.078125
271,1.9785156,1,2.4414062
272,1.3652344,1,1.7216797
273,2.4511719,1,2.9804688
274,1.3896484,1,1.7929688
275,2.5273438,1,3.0214844
276,1.2324219,1,1.4736328
277,2.3183594,1,2.703125
278,1.3105469,1,1.4824219
279,1.8134766,1,2.1230469
280,1.7382812,1,2.1308594
281,2.4550781,1,2.8476562
282,1.8164062,1,1.9560547
283,2.5214844,1,2.9492188
284,2.6386719,1,2.9902344
285,2.59375,1,3.0878906
286,1.2861328,1,1.6289062
287,1.6777344,1,2.0957031
288,1.9472656,1,2.71875
289,2.2597656,1,2.8476562
290,1.4306641,1,1.6572266
291,2.5214844,2,2.6875
292,2.0253906,1,2.6777344
293,2.5917969,1,3.0117188
294,2.203125,1,2.5195312
295,2.4394531,1,2.6914062
296,2.203125,1,2.5761719
297,2.3652344,1,2.78125
298,2.21875,2,2.4238281
299,2.3496094,1,2.6816406
300,2.5273438,1,3.2519531
301,2.5878906,1,3.0605469
302,1.7421875,1,2.2910156
303,2.0527344,1,2.6542969
304,1.2861328,1,1.7617188
305,2.0957031,1,2.6542969
306,2.171875,1,2.7285156
307,2.7519531,2,3.2675781
308,2.6972656,2,3.34375
309,2.9726562,1,3.5839844
310,1.8320312,1,2.1621094
311,2.4472656,1,2.9375
312,2.5097656,2,2.4882812
313,2.3085938,1,2.640625
314,2.0664062,1,2.5039062
315,2.1386719,1,2.6269531
316,1.5664062,1,1.7236328
317,1.0673828,1,1.1015625
318,3.6113281,2,3.8398438
319,3.0800781,2,3.2460938
320,3.6425781,2,3.6054688
321,1.1777344,1,1.3134766
322,2.7871094,2,3.1367188
323,2.8378906,2,2.9863281
324,3.4648438,2,3.2910156
325,3.1289062,2,3.1894531
326,3.4238281,2,3.3769531
327,2.3046875,1,2.3554688
328,2.4101562,1,2.5058594
329,2.0761719,2,2.3339844
330,3.1523438,2,3.171875
331,1.5673828,1,1.6806641
332,2.5585938,2,2.8867188
333,2.3574219,2,2.9667969
334,2.8242188,2,3.1972656
335,3.0917969,2,3.6425781
336,3.2949219,2,3.5664062
337,2.1289062,1,2.3886719
338,3.1269531,2,3.0761719
339,1.5283203,1,1.6835938
340,3.5332031,2,3.6074219
341,2.2695312,1,3.0449219
342,3.4609375,2,3.578125
343,2.9003906,2,3.0292969
344,2.8964844,1,3.2050781
345,1.5664062,1,1.2392578
346,2.2148438,1,1.8183594
347,0.90185547,1,0.97998047
348,0.90185547,1,0.97998047
349,0.87841797,1,0.97509766
350,1.1767578,1,1.0332031
351,2.5332031,1,2.9160156
352,3.0742188,2,3.3300781
353,1.6679688,1,2.0761719
354,3.5136719,2,3.5273438
355,3.4570312,2,3.4492188
356,3.5839844,2,3.4257812
357,2.5820312,2,2.4550781
358,2.390625,2,2.7109375
359,1.8427734,1,2.4433594
360,1.9892578,1,2.5976562
361,1.4785156,1,1.7607422
362,2.0703125,1,2.6015625
363,1.3935547,1,1.6113281
364,1.7695312,1,2.2148438
365,1.3691406,1,1.7294922
366,1.5693359,1,2.0273438
367,1.4960938,1,1.8457031
368,2.3300781,2,3.1132812
369,1.8037109,1,2.0410156
370,1.9433594,1,2.2363281
371,1.7568359,1,1.8945312
372,2.0625,1,2.3261719
373,1.9101562,1,1.6308594
374,1.7626953,1,1.9628906
375,1.6582031,1,2.0214844
376,2.1660156,1,2.2636719
377,2.9824219,2,3.0664062
378,3.0605469,2,3.5917969
379,0.87646484,1,0.9550781
380,0.9013672,1,0.9794922
381,0.87890625,1,0.97509766
382,1.1767578,1,1.0332031
383,3.6875,2,3.8378906
384,3.5917969,2,3.5898438
385,3.0683594,2,3.4335938
386,3.1875,2,3.3144531
387,3.1679688,2,3.265625
388,3.375,2,3.7070312
389,3.5878906,2,3.6894531
390,3.8027344,2,3.6816406
391,1.1640625,1,1.4052734
392,2.8359375,1,3.703125
393,3.2871094,2,3.8867188
394,3.8105469,2,3.8808594
395,3.1015625,2,3.4765625
396,3.0664062,2,3.421875
397,2.7382812,2,2.7890625
398,2.8457031,2,3.28125
399,1.8613281,1,2.0390625
400,2.0527344,1,2.2988281
401,1.1640625,1,1.4052734
402,2.2597656,1,2.8398438
403,1.578125,1,2.15625
404,2.0898438,1,2.7714844
405,2.40625,2,2.8144531
406,2.9453125,2,3.3476562
407,3.1503906,1,3.2988281
408,2.7929688,1,3.3183594
409,2.4824219,1,2.5351562
410,2.5097656,1,3.1679688
411,2.640625,1,2.9277344
412,2.3476562,1,2.953125
413,3.1464844,1,3.5488281
414,3.1113281,1,3.2519531
415,3.3027344,1,2.78125
416,3.0703125,1,3.2148438
417,2.9257812,1,2.6621094
418,2.9375,1,2.8710938
419,2.0078125,1,1.7324219
420,2.5488281,1,2.8398438
421,0.9013672,1,0.9794922
422,0.9013672,1,0.9794922
423,3.4394531,2,3.484375
424,2.8242188,2,3.2304688
425,3.3964844,2,3.1660156
426,2.84375,2,2.9433594
427,1.2880859,1,1.4628906
428,3.0351562,2,3.4804688
429,2.2988281,1,2.2148438
430,1.6132812,1,1.5429688
431,1.7519531,1,1.4560547
432,1.8330078,1,1.9072266
433,1.8662109,1,1.6640625
434,2.4179688,2,2.4667969
435,1.7265625,1,1.6591797
436,1.6425781,1,1.6630859
437,1.8945312,1,2.0039062
438,1.9716797,1,1.9511719
439,1.1943359,1,1.5322266
440,2.4746094,1,2.4316406
441,2.1035156,2,2.1035156
442,2.1835938,2,2.0175781
443,2.0722656,2,1.8095703
444,1.8085938,1,1.9453125
445,1.5585938,1,1.4658203
446,3.0410156,2,3.2265625
447,1.6845703,1,1.8154297
448,1.9814453,1,2.0585938
449,1.4111328,1,1.5117188
450,1.5205078,1,1.2675781
451,1.8603516,1,1.5263672
452,1.7451172,1,1.7509766
453,1.5703125,1,1.2089844
454,1.5966797,1,1.3261719
455,1.2910156,1,0.9555664
456,0.87646484,1,0.9550781
457,1.7753906,1,2.2148438
458,3.8085938,2,3.7050781
459,3.5332031,2,3.8261719
460,2.3886719,2,2.5195312
461,2.6503906,2,3.0644531
462,2.5761719,2,2.8671875
463,2.4277344,1,2.8652344
464,1.9707031,1,2.6445312
465,2.71875,1,3.1679688
466,1.8916016,1,2.4804688
467,2.1035156,1,2.5527344
468,1.6875,1,2.1640625
469,2.453125,1,2.8945312
470,2.4277344,1,3.0566406
471,2.4921875,1,2.8730469
472,3.15625,2,3.1621094
473,2.8671875,1,3.4628906
474,2.6601562,2,2.5449219
475,2.3691406,1,2.859375
476,2.3203125,1,2.6328125
477,2.4296875,1,2.8164062
478,2.8359375,2,2.9140625
479,2.3300781,1,2.9179688
480,1.9384766,1,2.0410156
481,2.125,1,2.4804688
482,3.0996094,2,2.7890625
483,2.4453125,1,2.8613281
484,2.2734375,1,2.4804688
485,2.5507812,1,2.9414062
486,2.34375,1,2.3417969
487,2.5644531,1,2.6113281
488,2.4023438,1,2.890625
489,2.8007812,1,3.0800781
490,1.2207031,1,1.2578125
491,2.203125,1,1.9013672
492,0.90185547,1,0.97998047
493,0.90185547,1,0.97998047
494,0.90185547,1,0.97998047
495,2.1425781,1,2.6054688
496,2.7988281,1,3.3554688
497,3.3710938,1,3.6015625
498,2.2207031,1,2.9277344
499,1.8886719,1,2.3144531
500,2.265625,1,2.8027344
501,2.2460938,1,2.9863281
502,2.546875,2,3.1835938
503,2.234375,1,2.828125
504,2.3867188,1,2.8046875
505,2.5097656,1,3.0273438
506,2.2460938,2,2.5078125
507,1.7675781,1,2.3105469
508,2.4882812,1,3.2128906
509,2.9335938,2,3.4472656
510,1.9423828,1,2.6484375
511,2.7480469,1,3.4726562
512,2.3828125,2,2.4980469
513,2.1054688,1,2.8691406
514,2.3535156,1,2.734375
515,1.84375,1,2.3496094
516,2.9453125,1,3.1621094
517,3.0234375,1,3.3574219
518,2.2929688,1,3.1484375
519,2.109375,1,2.7617188
520,2.2382812,1,2.890625
521,2.2421875,1,2.953125
522,2.5703125,1,3.2695312
523,2.4179688,1,3.0703125
524,1.8222656,1,2.2226562
525,2.078125,1,2.7480469
526,1.7431641,1,2.5566406
527,1.9345703,1,2.4804688
528,2.078125,1,2.640625
529,2.3339844,1,2.890625
530,2.1914062,1,2.8046875
531,1.9541016,1,2.5683594
532,1.7910156,1,2.2792969
533,2.1015625,1,2.6347656
534,2.1503906,1,2.8496094
535,2.0195312,1,2.4511719
536,2.0761719,1,3.0410156
537,2.0585938,1,2.8457031
538,1.7441406,1,2.4707031
539,2.0488281,1,2.6386719
540,2.3066406,1,2.8691406
541,2.5214844,1,3.0371094
542,1.8691406,1,1.7548828
543,1.9921875,1,2.3496094
544,1.4775391,1,1.7041016
545,1.8349609,1,2.4296875
546,1.9140625,1,2.0625
547,2.2832031,1,2.6503906
548,1.8037109,1,1.9160156
549,1.8583984,1,2.4003906
550,1.9482422,1,2.4042969
551,2.1660156,1,2.8320312
552,1.84375,1,2.2949219
553,1.9902344,1,2.4960938
554,1.7880859,1,2.3144531
555,0.9135742,1,1.03125
556,1.2089844,1,1.0439453
557,2.3769531,1,3.1210938
558,3.1113281,2,3.6660156
559,2.4824219,1,3.1542969
560,2.6660156,1,3.1542969
561,1.9746094,1,2.6621094
562,2.7949219,1,2.546875
563,1.5957031,1,2.0449219
564,2.9785156,1,2.8945312
565,2.6289062,2,2.7441406
566,2.4511719,2,3.1953125
567,2.2226562,2,1.8984375
568,2.6445312,2,3.1503906
569,2.1738281,1,3.1230469
570,2.4921875,1,3.0058594
571,1.1298828,1,1.2783203
572,2.2617188,1,2.9101562
573,2.3417969,1,2.5449219
574,2.0703125,1,2.7890625
575,1.8134766,1,2.2714844
576,1.6513672,1,2.2402344
577,1.8427734,1,1.9980469
578,1.8769531,1,2.21875
579,1.7666016,1,2.3671875
580,2.5,1,3.2910156
581,2.2050781,2,2.7363281
582,2.65625,1,3.3691406
583,1.3320312,1,1.4365234
584,2.5429688,1,2.8144531
585,1.9345703,1,2.453125
586,1.8173828,1,2.5292969
587,1.5605469,1,1.7275391
588,1.9121094,1,2.7597656
589,1.3037109,1,0.9995117
590,1.3261719,1,1.0166016
591,0.87646484,1,0.9550781
592,0.90185547,1,0.97998047
593,0.87841797,1,0.97509766
594,1.2685547,1,1.2138672
595,3.3476562,2,3.40625
596,3.0644531,2,3.734375
597,2.0449219,1,2.1503906
598,2.0703125,1,2.8515625
599,3.09375,2,3.0703125
600,2.1992188,1,2.90625
601,2.34375,2,2.6171875
602,2.3984375,1,2.8359375
603,2.5273438,1,2.6386719
604,2.3613281,1,2.8652344
605,2.4667969,1,2.7578125
606,2.1445312,1,2.4316406
607,3.1191406,2,2.8125
608,2.8242188,2,2.9414062
609,2.4570312,1,2.640625
610,1.9853516,1,2.390625
611,2.5234375,1,2.8359375
612,2.2050781,1,2.7714844
613,2.7109375,2,2.5703125
614,2.6738281,1,2.9980469
615,2.9472656,1,2.9824219
616,2.40625,1,2.9414062
617,1.8896484,1,1.7529297
618,2.3886719,1,2.578125
619,1.9287109,1,2.2128906
620,1.6845703,1,1.953125
621,2.1425781,1,1.9130859
622,2.015625,1,2.4550781
623,1.8398438,1,1.1816406
624,1.8212891,1,1.0693359
625,0.87646484,1,0.9550781
626,0.9013672,1,0.9794922
627,1.1767578,1,1.0332031
628,2.6484375,1,2.7890625
629,2.2636719,1,2.75
630,2.4550781,1,3.265625
631,2.9257812,1,3.2753906
632,2.4160156,1,2.3964844
633,2.6757812,1,3.1210938
634,1.078125,1,1.0732422
635,3.0195312,1,3.5234375
636,3.2226562,2,3.71875
637,3.2734375,2,3.6972656
638,2.3828125,1,3.0566406
639,2.9101562,1,3.3554688
640,1.7685547,1,2.46875
641,2.6230469,1,3.2597656
642,1.515625,1,1.8125
643,2.4394531,1,3.1191406
644,1.46875,1,1.34375
645,1.5566406,1,1.3652344
646,2.09375,1,2.5703125
647,2.8691406,1,3.3164062
648,1.9199219,1,2.3398438
649,2.7148438,2,3.4023438
650,2.0058594,1,2.9335938
651,2.6210938,2,3.2089844
652,1.2226562,1,1.6025391
653,2.2871094,1,2.8105469
654,1.4667969,1,1.9501953
655,1.6220703,1,2.1835938
656,1.1708984,1,1.0175781
657,1.6689453,1,1.4091797
658,0.87646484,1,0.9550781
659,0.9013672,1,0.9794922
660,1.2529297,1,1.3720703
661,1.3173828,1,1.5107422
662,1.1308594,1,1.4121094
663,1.4277344,1,1.4511719
664,0.87646484,1,0.9550781
665,0.9013672,1,0.9794922
666,1.4736328,1,1.7880859
667,1.5380859,1,1.4833984
668,0.99902344,1,1.0380859
669,1.3203125,1,1.2353516
670,1.1298828,1,0.9916992
671,1.5009766,1,1.3388672
672,1.2099609,1,1.1728516
673,1.6083984,1,1.4003906
674,1.1757812,1,1.0957031
675,1.4824219,1,1.0195312
676,1.4648438,1,1.3730469
677,1.5615234,1,1.4619141
678,0.99902344,1,1.0380859
679,1.453125,1,1.5644531
680,1.5800781,1,1.5048828
681,1.7734375,1,1.5126953
682,1.2861328,1,1.4287109
683,1.7050781,1,1.2314453
684,1.1435547,1,1.5683594
685,1.3291016,1,1.1591797
686,1.4589844,1,1.5117188
687,0.87841797,1,0.97509766
688,1.1933594,1,1.1796875
689,1.5761719,1,1.7314453
690,1.6914062,1,1.9892578
691,2.2070312,2,1.9257812
692,2.46875,2,2.8027344
693,1.5380859,1,2.21875
694,1.9091797,1,2.4980469
695,3.0332031,2,3.7773438
696,3.4648438,2,3.7890625
697,2.0546875,1,2.7773438
698,2.6113281,2,3.1660156
699,1.9990234,1,2.0117188
700,2.6933594,2,3.3339844
701,2.2792969,2,2.625
702,2.796875,2,3.6132812
703,2.0527344,1,2.4433594
704,2.2578125,1,2.8554688
705,1.1708984,1,1.0634766
706,3.3339844,2,3.6933594
707,3.2773438,2,3.6171875
708,3.6464844,2,3.7324219
709,1.0302734,1,1.171875
710,1.8994141,1,1.8554688
711,2.2382812,2,2.2148438
712,2.3496094,1,2.5625
713,1.984375,2,1.8974609
714,2.1640625,1,2.4648438
715,1.0351562,1,1.1386719
716,2.1601562,1,2.3496094
717,1.3691406,1,1.4912109
718,2.0449219,1,2.4257812
719,1.2929688,1,1.4521484
720,1.8886719,1,2.2363281
721,1.5722656,1,1.1992188
722,1.9902344,1,1.5449219
723,0.87646484,1,0.9550781
724,0.90185547,1,0.97998047
725,1.2236328,1,1.0644531
726,3.4453125,2,3.3476562
727,2.2480469,2,1.6689453
728,2.8261719,2,2.9492188
729,2.1152344,2,2.5371094
730,1.8798828,1,2.2207031
731,1.2285156,1,1.2529297
732,3.7480469,2,4.015625
733,2.4550781,2,2.6601562
734,3.0058594,2,3.5292969
735,3.0605469,2,3.3105469
736,2.9589844,2,3.3769531
737,1.1103516,1,1.1298828
738,2.4550781,2,2.5800781
739,1.1796875,1,1.4335938
740,1.6601562,1,2.3183594
741,1.4580078,1,1.8984375
742,1.8056641,1,2.4316406
743,1.4189453,1,1.8066406
744,2.2226562,2,2.5996094
745,1.0322266,1,1.1289062
746,3.3886719,2,3.2519531
747,3.0820312,2,3.4199219
748,3.7988281,2,3.6171875
749,1.2636719,1,1.2822266
750,3.1035156,2,3.5664062
751,2.5742188,2,2.4316406
752,2.7460938,2,3.2382812
753,1.1123047,1,1.3134766
754,1.9443359,1,2.5390625
755,0.87646484,1,0.9550781
756,0.90185547,1,0.97998047
757,1.0214844,1,1.0791016
758,3.8125,2,3.5214844
759,3.8847656,2,4.0429688
760,3.0136719,2,3.0996094
761,2.7558594,1,3.0878906
762,2.4296875,1,2.4042969
763,1.4541016,1,1.53125
764,1.9082031,1,1.9453125
765,2.265625,1,2.6152344
766,3.5039062,2,2.9101562
767,2.671875,2,2.8769531
768,2.4570312,1,2.8574219
769,2.6269531,1,3.0917969
770,2.9394531,1,3.2363281
771,2.2871094,1,2.6757812
772,4.0742188,2,3.8261719
773,3.7988281,2,3.7949219
774,3.0136719,2,2.96875
775,2.5625,2,2.7382812
776,3.8847656,2,3.6015625
777,3.578125,2,3.5976562
778,2.765625,2,3.0800781
779,2.1835938,1,2.78125
780,2.6484375,2,2.9648438
781,2.9023438,2,3.1445312
782,2.1894531,1,2.7949219
783,2.9355469,1,3.2792969
784,2.2949219,1,2.1777344
785,2.5019531,1,2.8359375
786,2.7421875,2,2.9941406
787,2.3398438,1,2.8242188
788,2.0058594,1,2.3964844
789,2.2714844,1,2.8925781
790,2.5449219,1,2.9199219
791,2.5039062,1,3.0996094
792,3.7753906,2,3.46875
793,2.6445312,1,2.9472656
794,3.3671875,2,3.4980469
795,3.0,1,3.4609375
796,2.4726562,1,2.1796875
797,2.6035156,1,3.0410156
798,1.8808594,1,1.3115234
799,1.9414062,1,1.3955078
800,0.87646484,1,0.9550781
801,0.9013672,1,0.9794922
802,0.87646484,1,0.9550781
803,0.95166016,1,1.0283203
804,1.9296875,1,1.6640625
805,3.2617188,2,3.859375
806,3.7734375,2,3.8535156
807,1.0664062,1,1.1933594
808,3.1972656,2,3.5722656
809,2.9746094,2,2.46875
810,3.2871094,2,3.3105469
811,1.9130859,1,2.0957031
812,3.1386719,2,3.25
813,2.3066406,2,2.1640625
814,2.2636719,1,2.7460938
815,1.8476562,1,2.5136719
816,2.8242188,1,3.4785156
817,2.6113281,2,2.6738281
818,2.9140625,2,3.5761719
819,2.1679688,1,2.1777344
820,2.5996094,1,2.8984375
821,2.3828125,2,2.0234375
822,2.2226562,1,2.6699219
823,2.1660156,1,2.21875
824,2.2636719,1,2.515625
825,2.21875,1,2.1347656
826,2.2675781,1,2.5390625
827,2.1289062,1,2.2558594
828,2.0117188,1,2.2578125
829,1.0664062,1,1.1933594
830,2.0722656,1,2.4394531
831,2.0839844,1,1.859375
832,2.296875,1,2.7109375
833,1.2705078,1,1.2050781
834,2.3574219,1,2.1914062
835,1.9384766,1,1.6523438
836,2.421875,1,2.5117188
837,1.0664062,1,1.1943359
838,1.8896484,1,1.5664062
839,0.87646484,1,0.9550781
840,0.90185547,1,0.97998047
841,1.3134766,1,1.3027344
842,3.9648438,2,3.6660156
843,3.7519531,2,3.8613281
844,2.8359375,2,2.859375
845,2.984375,2,3.5136719
846,1.1943359,1,1.4511719
847,1.359375,1,1.5517578
848,1.9921875,1,2.3144531
849,1.890625,1,2.3203125
850,1.8828125,1,2.4140625
851,2.25,1,2.6738281
852,1.9882812,1,2.1484375
853,1.9355469,1,2.4824219
854,2.3066406,1,2.5761719
855,2.2109375,1,2.9589844
856,2.5644531,1,3.4296875
857,2.6289062,1,3.1621094
858,1.2646484,1,1.2724609
859,2.6777344,1,3.3085938
860,2.6152344,2,2.84375
861,2.6699219,1,3.0605469
862,2.3671875,1,2.5078125
863,1.8544922,1,1.6630859
864,1.4335938,1,1.1123047
865,1.1865234,1,1.0546875
866,1.4140625,1,1.4726562
867,1.6376953,1,1.5068359
868,3.4453125,2,3.1582031
869,3.4746094,2,3.7519531
870,3.1796875,2,3.34375
871,3.3378906,2,3.7792969
872,1.4667969,1,1.2480469
873,1.8896484,1,1.3222656
874,0.9013672,1,0.9794922
875,0.9013672,1,0.9794922
876,1.0654297,1,1.2246094
877,1.2851562,1,1.4248047
878,0.87646484,1,0.9550781
879,0.9013672,1,0.9794922
880,0.87646484,1,0.9550781
881,0.95166016,1,1.0283203
882,1.3212891,1,1.3886719
883,3.109375,2,3.4941406
884,3.3535156,2,3.7226562
885,2.6464844,2,2.5859375
886,3.3339844,2,3.6699219
887,2.0097656,1,2.0371094
888,2.5703125,1,3.1328125
889,2.2167969,2,2.9003906
890,2.8144531,1,3.4980469
891,1.0664062,1,1.1933594
892,2.0429688,1,2.421875
893,1.8769531,1,2.1230469
894,2.2871094,1,2.8027344
895,2.125,1,2.1894531
896,2.15625,1,2.4628906
897,1.9541016,1,2.4511719
898,2.484375,1,3.1074219
899,1.6533203,1,2.0527344
900,2.2050781,1,2.6445312
901,2.0019531,1,2.8222656
902,2.4394531,1,3.2753906
903,1.0664062,1,1.1943359
904,2.5917969,1,3.2285156
905,1.8417969,1,2.3027344
906,1.8798828,1,2.2949219
907,0.87597656,1,0.9550781
908,1.2636719,1,1.2109375
909,0.97021484,1,1.0107422
910,1.7431641,1,1.5185547
911,1.6943359,1,1.6611328
912,2.2929688,1,2.1328125
913,2.0527344,2,1.6914062
914,2.3496094,1,2.5917969
915,1.1123047,1,1.1074219
916,2.3222656,1,2.0976562
917,1.8867188,1,1.9697266
918,2.265625,1,2.453125
919,1.125,1,1.1650391
920,2.2050781,1,2.2226562
921,0.87597656,1,0.9550781
922,0.9013672,1,0.97998047
923,0.99365234,1,1.0751953
924,3.6347656,2,3.6894531
925,3.7089844,2,3.8164062
926,2.3339844,2,2.5566406
927,3.15625,2,3.3007812
928,3.2773438,2,3.546875
929,3.5742188,2,3.9355469
930,3.0390625,2,2.9101562
931,2.8886719,2,3.4121094
932,2.1132812,1,2.5292969
933,2.5449219,1,3.1035156
934,2.3085938,1,2.5917969
935,2.2734375,1,2.8632812
936,1.9648438,1,2.2871094
937,2.0078125,1,2.5839844
938,2.3359375,2,2.3828125
939,2.0878906,1,2.59375
940,2.609375,1,2.7207031
941,2.7050781,1,3.1445312
942,2.0820312,1,2.5371094
943,2.2753906,1,3.1191406
944,0.87597656,1,0.9550781
945,1.2753906,1,1.1914062
946,1.8984375,1,2.3203125
947,2.2519531,1,2.5898438
948,1.5878906,1,1.5742188
949,2.2597656,1,2.90625
950,1.8583984,1,2.4765625
951,2.125,1,2.6816406
952,1.0322266,1,1.1679688
953,2.0996094,1,2.46875
954,2.2578125,2,2.3085938
955,2.4257812,1,2.9160156
956,2.0175781,2,2.078125
957,2.3613281,1,2.5742188
958,0.87597656,1,0.9550781
959,0.9013672,1,0.97998047
960,1.0488281,1,1.2304688
961,1.3427734,1,1.3818359
962,1.2197266,1,1.3457031
963,1.5732422,1,1.4316406
964,2.3203125,2,2.3007812
965,2.3417969,1,3.1347656
966,2.171875,1,1.9580078
967,2.3808594,1,2.5683594
968,1.4345703,1,1.5546875
969,1.9658203,1,2.5859375
970,1.2333984,1,1.3193359
971,2.3691406,1,2.9941406
972,1.9785156,1,2.7539062
973,2.8144531,1,3.46875
974,2.6445312,2,2.6035156
975,2.2832031,1,2.7480469
976,1.0664062,1,1.1933594
977,1.2519531,1,1.1845703
978,0.9658203,1,0.99902344
979,1.296875,1,1.2988281
980,0.94873047,1,1.0068359
981,1.234375,1,1.1855469
982,1.9550781,1,1.9394531
983,3.1484375,2,2.6601562
984,3.3203125,2,3.6738281
985,2.859375,2,3.5292969
986,3.1601562,2,3.4863281
987,2.5332031,2,2.6835938
988,3.3144531,2,3.4179688
989,3.3496094,2,3.5644531
990,3.4238281,2,3.7539062
991,3.3144531,2,3.1152344
992,2.9785156,2,3.7148438
993,2.5507812,1,3.1738281
994,3.3398438,2,3.5351562
995,2.6035156,2,2.7265625
996,3.5839844,2,3.59375
997,2.6582031,1,3.0488281
998,3.015625,2,3.3828125
999,2.5859375,2,3.0332031
1000,2.96875,2,3.4277344
1001,3.1621094,1,3.6035156
1002,3.203125,1,3.3613281
1003,2.4140625,2,2.6855469
1004,3.4921875,2,3.3867188
1005,3.4941406,2,3.5957031
1006,3.1894531,1,3.5605469
1007,3.6054688,2,3.4570312
1008,3.9238281,2,3.6835938
1009,2.2734375,1,2.2792969
1010,3.6738281,2,3.7089844
1011,2.6015625,1,2.9765625
1012,2.9726562,1,3.3554688
1013,1.0556641,1,0.9243164
1014,1.6064453,1,1.3017578
1015,1.2304688,1,1.4404297
1016,1.4912109,1,1.7294922
1017,1.0556641,1,0.9243164
1018,1.171875,1,1.0517578
1019,2.0605469,1,1.6552734
1021,3.2695312,2,3.2832031
1023,2.9511719,2,2.8476562
1025,2.8886719,2,3.0996094
1027,2.2871094,1,2.7988281
1029,1.5996094,1,2.2324219
1031,1.9970703,1,2.7363281
1033,1.7177734,1,2.203125
1035,1.59375,1,2.1445312
1037,1.4443359,1,1.9023438
1039,1.9023438,1,2.15625
1041,1.7900391,1,1.9775391
1043,1.8183594,1,2.2636719
1045,1.1748047,1,1.6298828
1047,1.7421875,1,2.3027344
1049,1.1630859,1,1.1601562
1051,1.5488281,1,1.7978516
1053,1.5458984,1,1.9082031
1055,2.1523438,1,2.2714844
1057,2.0507812,1,2.4238281
1059,2.1347656,1,2.1992188
1061,1.8095703,1,1.8564453
1063,1.3378906,1,1.6679688
1065,1.5537109,1,1.953125
1067,3.0878906,2,3.1679688
1069,1.7431641,1,2.3476562
1071,2.15625,1,2.3945312
1073,2.8398438,2,3.4296875
1075,1.7001953,1,1.7060547
1077,2.8300781,2,3.2539062
1079,1.7851562,1,2.0976562
1081,2.2207031,1,2.2441406
1083,1.8740234,1,2.0292969
1085,1.6044922,1,1.8642578
1087,1.5820312,1,1.7851562
1089,1.5273438,1,2.0703125
1091,1.8525391,1,2.2441406
1093,2.0332031,1,2.5195312
1095,1.7851562,1,2.2304688
1097,1.9257812,1,2.4648438
1099,1.5927734,1,1.8388672
1101,2.4453125,1,2.8261719
1103,2.4042969,1,2.9277344
1105,2.4277344,1,2.8125
1107,1.7001953,1,1.7060547
1109,2.1601562,1,2.4199219
1111,2.9140625,2,2.4023438
1113,1.9785156,1,2.3574219
1115,1.4199219,1,1.7958984
1117,2.3671875,2,2.1914062
1119,2.4589844,2,2.390625
1121,2.625,1,2.9785156
1123,1.4248047,1,1.2978516
1125,0.90185547,1,0.97998047
1127,0.90185547,1,0.97998047
1129,1.1708984,1,1.2988281
1131,2.1074219,1,2.4570312
1132,1.8525391,1,2.4765625
1133,2.9042969,2,2.5253906
1134,1.7275391,1,2.1464844
1135,2.5566406,1,2.7714844
1136,2.484375,1,3.0957031
1137,2.2089844,1,2.9140625
1138,2.1855469,1,2.8554688
1139,1.6982422,1,2.390625
1140,2.1523438,1,2.5625
1141,1.6582031,1,2.0507812
1142,1.6464844,1,2.3730469
1143,1.5058594,1,2.0703125
1144,2.0878906,1,2.9121094
1145,2.109375,1,2.4863281
1146,1.9873047,1,2.6054688
1147,2.28125,1,2.8789062
1148,1.9970703,1,2.3300781
1149,1.6523438,1,2.1484375
1150,1.9462891,1,2.4863281
1151,2.3007812,2,2.3085938
1152,1.9824219,1,2.5175781
1153,2.6601562,2,2.5546875
1154,2.3027344,1,2.8242188
1155,2.3515625,1,2.7695312
1156,2.1933594,1,2.8066406
1157,2.1582031,1,2.4277344
1158,2.1835938,1,2.625
1159,1.9072266,1,2.1230469
1160,1.9833984,1,2.59375
1161,1.3837891,1,0.99121094
1162,1.5263672,1,1.0742188
1163,0.87646484,1,0.9550781
1164,0.90185547,1,0.97998047
1165,0.95214844,1,1.0283203
1167,1.4130859,1,1.2460938
1169,1.5097656,1,1.4296875
1171,1.7949219,1,1.6787109
1173,1.96875,1,2.1152344
1175,2.1328125,1,2.546875
1177,2.140625,1,2.640625
1179,0.8666992,1,1.0498047
1181,1.0664062,1,1.1943359
1183,1.9404297,1,1.6152344
1185,1.5029297,1,1.2822266
1187,2.4199219,2,2.2988281
1189,1.8505859,1,2.4902344
1191,1.5957031,1,2.0195312
1193,2.2050781,1,2.4746094
1195,1.8105469,1,2.0351562
1197,1.6689453,1,1.5771484
1199,1.8427734,1,1.7675781
1201,1.2998047,1,1.3330078
1203,2.7910156,1,2.8496094
1205,1.7597656,1,1.8378906
1207,2.6464844,2,2.0429688
1209,2.0917969,1,2.34375
1211,1.6230469,1,1.9394531
1213,2.0996094,1,2.3652344
1215,1.8955078,1,2.1621094
1217,1.8037109,1,2.2871094
1219,3.1054688,2,3.1484375
1221,2.1054688,1,2.3710938
1223,1.6738281,1,2.0683594
1225,1.8056641,1,2.1953125
1227,2.546875,1,2.4628906
1229,2.75,2,2.8632812
1231,1.7226562,1,1.2822266
1233,1.0322266,1,0.93115234
1235,0.87646484,1,0.9550781
1237,0.87646484,1,0.9550781
1239,0.87646484,1,0.9550781
1241,2.3203125,1,2.2285156
1242,1.9023438,1,2.1328125
1243,1.3925781,1,1.6728516
1244,1.640625,1,2.3125
1245,2.4785156,2,2.7714844
1246,2.2597656,1,2.453125
1247,1.3261719,1,1.7597656
1248,1.9765625,1,1.6884766
1249,3.2929688,2,3.4042969
1250,1.2607422,1,1.4179688
1251,1.8398438,1,2.1542969
1252,2.1015625,1,2.296875
1253,2.890625,2,2.6503906
1254,1.6464844,1,1.9257812
1255,3.0097656,2,2.9472656
1256,2.3125,1,2.3574219
1257,3.0820312,2,2.8710938
1258,1.9160156,1,1.3984375
1259,0.90185547,1,0.97998047
1260,0.90185547,1,0.97998047
1261,3.3847656,2,3.3339844
1263,3.78125,2,3.6914062
1265,3.0175781,2,3.3535156
1267,2.4726562,2,2.5175781
1269,3.421875,2,2.9667969
1271,3.1542969,2,3.0820312
1273,3.8496094,2,3.4160156
1275,2.6660156,2,2.9863281
1277,2.6367188,2,3.015625
1279,2.2539062,2,2.6601562
1281,3.2597656,2,2.8203125
1283,3.0898438,1,3.4472656
1285,3.5742188,2,2.8828125
1287,3.7832031,2,3.3925781
1289,3.6367188,2,3.953125
1291,3.3847656,2,2.7773438
1293,2.546875,1,2.3886719
1295,2.3046875,1,2.6035156
1297,2.625,1,2.6582031
1299,2.5800781,1,2.5664062
1301,2.5332031,1,2.4042969
1303,2.6445312,1,2.8652344
1305,2.9765625,1,3.4082031
1307,2.8476562,1,3.1894531
1309,2.84375,1,2.8925781
1311,2.5683594,1,2.9433594
1313,2.796875,1,3.1347656
1315,2.9394531,2,3.1074219
1317,1.4443359,1,1.3486328
1319,2.0332031,1,1.6708984
1321,0.87646484,1,0.9550781
1323,0.87646484,1,0.9550781
1325,2.8574219,2,3.265625
1326,2.25,1,2.9453125
1327,3.6699219,2,3.7890625
1328,2.8847656,2,3.0078125
1329,1.3066406,1,1.5761719
1330,1.5693359,1,1.7119141
1331,1.8544922,1,1.3007812
1332,1.5234375,1,1.6728516
1333,2.2070312,1,2.7089844
1334,2.5097656,2,2.8769531
1335,3.3339844,2,3.5761719
1336,2.0410156,1,2.2363281
1337,3.5332031,2,3.2441406
1338,2.4082031,1,2.6113281
1339,1.0966797,1,1.3583984
1340,1.2304688,1,1.5351562
1341,1.4541016,1,1.5
1342,2.8730469,1,2.7949219
1343,1.8769531,1,1.8730469
1344,1.7382812,1,2.0078125
1345,1.6123047,1,1.9755859
1346,2.015625,1,2.2597656
1347,3.140625,2,3.7460938
1348,2.7695312,2,3.3398438
1349,2.4355469,2,3.0527344
1350,2.5605469,1,3.3378906
1351,1.1445312,1,1.2705078
1352,1.28125,1,1.5634766
1353,0.87646484,1,0.9550781
1354,0.87646484,1,0.9550781
1355,0.98779297,1,1.0693359
1357,4.2539062,2,3.703125
1359,2.6972656,1,2.34375
1361,3.9121094,2,3.4824219
1363,2.5566406,2,2.8203125
1365,1.2363281,1,1.2353516
1367,2.5917969,2,2.3652344
1369,2.6796875,2,2.1992188
1371,1.4316406,1,1.4335938
1373,3.5039062,2,3.5507812
1375,2.6777344,2,2.4980469
1377,2.5332031,2,2.6621094
1379,1.4619141,1,1.5761719
1381,1.9960938,1,2.671875
1383,2.4824219,1,2.9335938
1385,3.546875,2,3.3769531
1387,3.7128906,2,3.5839844
1389,3.0488281,1,3.2792969
1391,3.0371094,1,2.6425781
1393,2.1542969,2,1.9541016
1395,2.0625,1,2.1972656
1397,2.9609375,2,2.8261719
1399,3.7226562,2,3.6464844
1401,4.125,2,3.5546875
1403,3.3125,2,2.8691406
1405,3.8496094,2,3.7128906
1407,3.4179688,2,2.828125
1409,2.8105469,1,2.8730469
1411,2.5488281,1,2.4101562
1413,1.5537109,1,1.1503906
1415,1.1367188,1,0.97509766
1417,1.1572266,1,0.95703125
1419,1.1152344,1,1.3671875
1421,3.7851562,2,3.0722656
1423,2.25,2,2.4746094
1425,2.1191406,2,2.0566406
1427,1.1591797,1,1.5800781
1429,3.7421875,2,3.296875
1431,1.4726562,1,1.6767578
1433,2.6035156,1,2.8730469
1435,2.5488281,2,2.5917969
1437,2.5585938,2,2.5488281
1439,2.2148438,1,2.8574219
1441,3.6738281,2,3.4160156
1443,1.3554688,1,2.0488281
1445,2.7011719,2,2.1816406
1447,1.5751953,1,1.9003906
1449,3.953125,2,3.6347656
1451,1.7724609,1,2.3457031
1453,3.359375,2,3.21875
1455,1.7998047,1,1.7734375
1457,2.8339844,2,2.7148438
1459,2.7480469,2,2.7109375
1461,3.1542969,1,3.2617188
1463,3.1230469,2,3.0292969
1465,3.4296875,1,3.1640625
1467,2.5449219,1,2.7851562
1469,1.9941406,1,2.6269531
1471,1.9628906,1,2.0839844
1473,3.2167969,2,3.6054688
1475,2.6289062,1,3.4414062
1477,3.1445312,1,3.1542969
1479,0.87646484,1,0.9550781
1481,0.87646484,1,0.9550781
1483,2.7636719,2,3.1660156
1484,2.8320312,2,3.3652344
1485,3.0859375,2,3.1757812
1486,3.1972656,2,3.5039062
1487,3.3066406,2,3.3925781
1488,3.3300781,2,3.7910156
1489,1.7636719,1,2.0722656
1490,2.875,1,3.4277344
1491,2.8046875,1,2.625
1492,2.3671875,1,2.8417969
1493,2.4121094,2,2.7226562
1494,2.6269531,2,2.9824219
1495,1.9140625,1,2.4707031
1496,2.4667969,1,3.1699219
1497,1.8808594,1,2.46875
1498,2.7148438,1,2.8574219
1499,2.0898438,1,2.625
1500,2.2675781,1,2.828125
1501,1.15625,1,1.1787109
1502,3.6953125,2,3.8496094
1503,1.1347656,1,1.0439453
1504,1.2929688,1,1.2470703
1505,2.7597656,2,2.6660156
1506,3.3144531,2,3.34375
1507,1.1865234,1,1.1904297
1508,2.1230469,1,2.5
1509,2.6835938,1,3.2636719
1510,2.9746094,2,3.6679688
1511,3.296875,2,3.6660156
1512,3.0390625,2,3.3457031
1513,2.4355469,2,2.6191406
1514,2.4277344,1,3.0761719
1515,1.2246094,1,1.1396484
1516,1.7402344,1,1.4589844
1517,1.7392578,1,1.2861328
1518,1.7949219,1,1.4980469
1519,1.2792969,1,1.0283203
1520,1.1083984,1,0.95214844
1521,1.2177734,1,1.1455078
1522,1.3603516,1,1.0273438
1523,0.87646484,1,0.9550781
1524,0.90185547,1,0.97998047
1525,1.2607422,1,1.5947266
1526,2.8066406,2,3.3613281
1527,3.3066406,2,3.8730469
1528,1.2128906,1,1.4589844
1529,2.6640625,2,3.2578125
1530,2.9492188,2,2.8300781
1531,3.5410156,2,3.5859375
1532,1.1904297,1,1.3544922
1533,1.7353516,1,2.2382812
1534,2.5976562,2,2.7402344
1535,2.2695312,1,2.6445312
1536,1.1865234,1,1.4160156
1537,2.1855469,2,2.4863281
1538,1.2705078,1,1.4892578
1539,2.5507812,2,3.1328125
1540,2.3789062,2,2.8652344
1541,2.8242188,1,3.3105469
1542,1.1679688,1,1.4716797
1543,2.1445312,1,2.6308594
1544,1.9746094,2,2.0703125
1545,1.9609375,1,2.6972656
1546,1.7832031,1,2.6347656
1547,2.0507812,1,2.9335938
1548,1.2060547,1,1.453125
1549,2.0703125,1,2.5546875
1550,1.3623047,1,1.3251953
1551,1.6865234,1,2.2832031
1552,1.1416016,1,1.3681641
1553,1.9423828,1,2.3886719
1554,1.2587891,1,1.4023438
1555,3.3789062,2,3.6953125
1556,1.1669922,1,1.4052734
1557,1.5869141,1,2.0878906
1558,0.87646484,1,0.9550781
1559,0.9013672,1,0.9794922
1560,0.87646484,1,0.9550781
1561,0.9501953,1,0.9511719
1562,1.3066406,1,1.25
1563,3.2617188,2,3.2265625
1564,3.0605469,2,3.6894531
1565,3.0820312,2,3.3945312
1566,3.1308594,2,3.5722656
1567,3.5097656,2,3.8085938
1568,3.1230469,2,3.5859375
1569,1.6474609,1,2.375
1570,2.03125,1,2.5859375
1571,1.515625,1,2.3242188
1572,1.9785156,2,2.71875
1573,1.0117188,1,1.0498047
1574,2.4863281,1,3.1445312
1575,1.7353516,1,2.4101562
1576,2.0351562,1,2.5507812
1577,2.0996094,2,2.0742188
1578,2.1621094,1,2.5722656
1579,2.2851562,2,2.3632812
1580,2.4453125,1,2.8398438
1581,2.5625,2,3.2851562
1582,2.2890625,1,3.2421875
1583,1.8837891,1,2.1191406
1584,2.21875,1,2.6914062
1585,3.5546875,2,3.5644531
1586,2.7695312,2,3.5820312
1587,2.6445312,1,3.2929688
1588,2.2167969,1,2.6074219
1589,2.5800781,2,3.09375
1590,2.1328125,1,2.4667969
1591,1.2792969,1,1.3623047
1592,1.8310547,1,2.4453125
1593,0.87646484,1,0.9550781
1594,0.90185547,1,0.97998047
1595,1.3105469,1,1.3203125
1596,2.6074219,2,2.7929688
1597,3.1484375,2,3.6445312
1598,1.1894531,1,1.3964844
1599,3.0097656,2,3.6425781
1600,2.21875,1,2.7382812
1601,2.046875,1,2.6523438
1602,2.3671875,2,2.5761719
1603,2.1679688,1,2.8164062
1604,2.0527344,2,1.7333984
1605,1.9570312,1,2.609375
1606,2.15625,1,3.0644531
1607,2.0195312,1,2.8476562
1608,1.890625,1,2.4941406
1609,1.8046875,1,2.4921875
1610,2.9472656,2,2.9804688
1611,2.5820312,2,3.1875
1612,2.5371094,2,3.25
1613,3.1816406,2,3.6738281
1614,2.0976562,1,2.0390625
1615,2.5195312,2,3.0332031
1616,1.7851562,1,2.2558594
1617,2.9355469,2,3.5234375
1618,1.7802734,1,2.3339844
1619,2.1855469,1,2.9804688
1620,1.4541016,1,1.9589844
1621,2.625,2,3.4199219
1622,2.0078125,1,2.4648438
1623,2.2890625,1,3.0546875
1624,1.0410156,1,1.0957031
1625,3.3417969,2,3.6601562
1626,1.7246094,1,1.2675781
1627,1.9013672,1,1.5693359
1628,0.90185547,1,0.97998047
1629,0.90185547,1,0.97998047
1630,0.87646484,1,0.9550781
1631,1.21875,1,1.3261719
1632,2.9101562,2,3.2519531
1633,3.1777344,2,3.5390625
1634,2.2050781,2,2.4492188
1635,1.9785156,1,2.6933594
1636,2.2988281,2,2.7753906
1637,2.4179688,1,2.8378906
1638,2.6699219,2,3.3691406
1639,2.6914062,1,3.3222656
1640,3.2148438,2,3.8222656
1641,3.125,2,3.6425781
1642,3.1503906,2,3.7324219
1643,2.9921875,2,3.3886719
1644,2.109375,2,2.65625
1645,2.4765625,1,3.0214844
1646,2.109375,2,2.4609375
1647,2.6386719,2,2.8847656
1648,2.4667969,1,3.0292969
1649,2.0058594,1,2.7070312
1650,2.0019531,1,2.8007812
1651,2.7109375,2,3.3359375
1652,2.8808594,2,3.3125
1653,3.2402344,2,3.7207031
1654,2.421875,2,3.4003906
1655,3.0546875,2,3.4980469
1656,2.6875,1,3.1757812
1657,2.8085938,1,3.2578125
1658,2.1074219,1,2.6933594
1659,2.1816406,1,2.7480469
1660,2.4121094,1,2.7988281
1661,2.0800781,1,2.6152344
1662,2.1484375,1,2.6796875
1663,1.9648438,1,2.4257812
1664,1.3212891,1,0.98779297
1665,1.53125,1,1.0830078
1666,0.87646484,1,0.9550781
1667,0.9013672,1,0.9794922
1668,0.9013672,1,0.9794922
1669,2.828125,2,2.5703125
1670,2.96875,2,3.5917969
1671,3.1386719,2,3.2109375
1672,3.6679688,2,3.5351562
1673,1.9794922,1,2.0039062
1674,2.2265625,1,2.453125
1675,2.8730469,2,2.8320312
1676,2.8085938,2,2.9277344
1677,2.7929688,2,2.8632812
1678,2.8027344,2,3.3496094
1679,2.6425781,1,2.8496094
1680,2.5703125,2,2.6855469
1681,2.7246094,2,2.421875
1682,2.0996094,1,2.078125
1683,2.6953125,2,2.640625
1684,2.9023438,1,2.5917969
1685,2.7773438,2,2.6933594
1687,1.1376953,1,1.3203125
1689,2.9785156,2,3.0351562
1691,1.953125,1,1.90625
1693,2.4726562,2,2.875
1695,1.5458984,1,2.09375
1697,1.5664062,1,1.6435547
1699,1.9453125,1,2.1640625
1701,3.34375,2,3.3105469
1703,3.3125,2,3.234375
1705,2.4375,2,2.4453125
1707,3.2460938,2,3.0390625
1709,2.046875,1,2.4765625
1711,2.9082031,2,3.1992188
1713,1.9746094,1,2.546875
1715,3.4042969,2,3.109375
1716,3.5058594,2,3.5761719
1717,2.453125,2,2.4042969
1718,3.0996094,2,3.3222656
1719,2.3710938,2,2.5214844
1720,2.8222656,2,3.1523438
1721,2.71875,1,2.921875
1722,2.8535156,2,3.1699219
1723,2.2832031,1,2.6777344
1724,2.3886719,1,2.9804688
1725,1.6699219,1,2.1875
1726,2.2128906,1,2.7167969
1727,2.578125,1,3.3164062
1728,2.8476562,1,3.4160156
1729,2.2207031,1,2.7539062
1730,2.6015625,1,3.1035156
1731,2.8261719,1,2.890625
1732,2.7363281,1,3.0664062
1733,2.0761719,1,2.6152344
1734,2.2519531,1,2.8144531
1735,1.8525391,1,2.390625
1736,2.6035156,1,3.2207031
1737,1.7597656,1,2.4003906
1738,2.6601562,1,3.1425781
1739,2.6425781,1,2.7675781
1740,2.390625,1,2.9648438
1741,2.2128906,1,2.8085938
1742,1.9814453,1,2.6464844
1743,2.6113281,2,3.1542969
1744,2.359375,1,2.9296875
1745,1.3105469,1,0.97021484
1746,1.7910156,1,1.2109375
1747,0.87646484,1,0.9550781
1748,0.9013672,1,0.9794922
1749,2.2128906,1,2.1425781
1750,3.2089844,2,3.7714844
1751,2.1503906,2,2.4511719
1752,3.0605469,2,3.0058594
1753,1.8955078,1,2.2792969
1754,2.1757812,2,2.1054688
1755,2.0625,2,2.2226562
1756,3.0214844,2,3.78125
1757,2.0371094,1,2.3632812
1758,2.4863281,1,2.734375
1759,2.5957031,1,3.15625
1760,2.1308594,1,2.4394531
1761,1.0332031,1,1.1679688
1762,1.8554688,1,1.8369141
1763,1.8203125,1,1.7705078
1764,2.6640625,2,3.3417969
1765,0.9814453,1,1.1943359
1766,1.4960938,1,1.4121094
1767,2.3085938,1,2.5507812
1768,1.6513672,1,1.9931641
1769,0.9355469,1,1.0869141
1770,1.7919922,1,2.25
1771,1.8466797,2,1.6923828
1772,2.2910156,1,2.6367188
1773,0.87646484,1,0.9550781
1774,0.87646484,1,0.9550781
1775,0.9658203,1,0.99902344
1776,1.3789062,1,1.359375
1777,1.4199219,1,1.3017578
1778,3.8964844,2,3.8808594
1779,3.4140625,2,3.7617188
1780,2.3476562,1,2.875
1781,3.2050781,2,3.2363281
1782,1.6416016,1,2.0820312
1783,2.296875,1,2.7382812
1784,2.3261719,1,2.7226562
1785,2.4394531,1,2.9707031
1786,1.3808594,1,1.8027344
1787,2.6269531,1,2.9648438
1788,1.6591797,1,2.0703125
1789,2.0683594,1,2.4160156
1790,1.5771484,1,2.0214844
1791,1.7548828,1,2.3183594
1792,2.4570312,1,3.0820312
1793,2.5878906,1,3.1113281
1794,1.4238281,1,1.5058594
1795,3.7148438,2,4.0039062
1796,1.5712891,1,1.8515625
1797,2.1464844,1,2.7734375
1798,2.8867188,2,2.59375
1799,2.6015625,1,2.921875
1800,1.3251953,1,1.4130859
1801,1.3125,1,1.7089844
1802,1.8466797,1,1.9775391
1803,1.9335938,1,2.0585938
1804,1.2246094,1,1.0957031
1805,2.4902344,1,2.3378906
1806,1.5419922,1,1.109375
1807,1.7265625,1,1.2167969
1808,0.87646484,1,0.9550781
1809,0.9013672,1,0.9794922
1810,1.2353516,1,1.3466797
1811,1.5693359,1,1.6630859
1812,1.2207031,1,1.0361328
1813,1.4873047,1,1.0458984
1814,1.2871094,1,0.99121094
1815,1.1083984,1,0.95214844
1816,0.87646484,1,0.9550781
1817,0.9013672,1,0.9794922
1818,1.2460938,1,0.9604492
1819,1.1083984,1,0.95214844
1820,1.1582031,1,0.89990234
1821,1.1083984,1,0.95214844
1822,0.93408203,1,0.99658203
1823,1.1083984,1,0.95214844
1824,1.0087891,1,1.0751953
1825,1.4765625,1,1.0517578
1826,1.6230469,1,1.3935547
1827,2.1738281,1,1.6572266
1828,1.3857422,1,1.2041016
1829,1.2617188,1,1.2822266
1830,3.0703125,2,2.234375
1831,3.1601562,2,3.71875
1832,2.3945312,2,2.3808594
1833,2.5957031,1,3.1425781
1834,2.1621094,1,2.2695312
1835,2.8496094,1,2.7421875
1836,1.2353516,1,0.9145508
1837,0.98779297,1,1.0693359
1839,2.8203125,2,3.3886719
1841,1.2001953,1,1.3007812
1843,1.3056641,1,1.5419922
1845,1.7597656,1,1.9775391
1847,1.9140625,1,2.0351562
1849,2.09375,1,2.6679688
1851,1.6181641,1,2.1210938
1853,1.0898438,1,1.3466797
1855,2.2441406,1,2.515625
1857,2.6796875,1,2.2421875
1859,2.1191406,1,2.4648438
1861,1.8076172,1,1.8544922
1863,1.6699219,1,1.4316406
1865,1.1220703,1,1.2890625
1867,1.5537109,1,1.8535156
1869,1.2304688,1,1.3486328
1871,1.3369141,1,1.5068359
1873,2.7050781,1,2.8535156
1875,2.4921875,1,2.2871094
1877,2.6503906,1,3.3632812
1879,3.3476562,1,3.5195312
1881,1.7216797,1,1.9335938
1883,1.5146484,1,1.6894531
1885,1.6230469,1,1.6679688
1886,0.9135742,1,1.03125
1887,1.6445312,1,1.8994141
1888,2.984375,2,3.515625
1889,3.5996094,2,3.9414062
1890,3.4160156,2,3.1210938
1891,2.9804688,2,3.2382812
1892,1.6943359,1,2.0351562
1893,2.2910156,1,2.7109375
1894,2.6035156,1,2.7148438
1895,2.6445312,1,2.8417969
1896,2.296875,1,2.8066406
1897,2.8808594,2,3.5039062
1898,1.7871094,1,2.1621094
1899,1.296875,1,1.7480469
1900,1.2050781,1,1.3212891
1901,1.3056641,1,1.6816406
1902,1.2001953,1,1.0517578
1903,1.4970703,1,1.1992188
1904,0.87646484,1,0.9550781
1905,1.2675781,1,1.1923828
1906,1.5136719,1,1.4511719
1907,1.5292969,1,1.4589844
1908,1.9384766,1,2.3085938
1909,1.953125,1,2.4257812
1910,1.6005859,1,1.9521484
1911,1.9824219,1,2.3496094
1912,2.4921875,2,1.8720703
1913,2.8242188,1,3.1425781
1914,1.234375,1,1.1337891
1915,1.4384766,1,1.2216797
1916,0.87646484,1,0.9550781
1917,0.90185547,1,0.97998047
1918,0.87646484,1,0.9550781
1919,1.7392578,1,1.859375
1920,2.7480469,2,3.3613281
1921,3.5390625,2,3.6699219
1922,2.6054688,2,3.3183594
1923,3.0429688,2,3.6289062
1924,1.2314453,1,1.4726562
1925,3.0566406,1,3.5175781
1926,1.5996094,1,2.1523438
1927,1.7949219,1,2.2949219
1928,1.6611328,1,2.1425781
1929,2.9980469,1,3.6210938
1930,1.6435547,1,2.1054688
1931,2.7773438,2,3.5292969
1932,1.6523438,1,1.8144531
1933,2.3808594,1,3.0625
1934,3.0859375,2,3.3222656
1935,3.203125,1,3.7050781
1936,1.2646484,1,1.625
1937,2.9472656,2,3.3476562
1938,3.5410156,2,3.5605469
1939,3.2851562,1,3.6855469
1940,3.7070312,2,3.8828125
1941,3.3339844,1,3.4316406
1942,1.2285156,1,1.2041016
1943,2.5761719,1,3.0410156
1944,1.734375,1,1.8388672
1945,2.0898438,1,2.4414062
1946,1.3945312,1,1.7402344
1947,1.6728516,1,2.3203125
1948,1.0439453,1,1.0830078
1949,2.6289062,1,3.2363281
1950,1.8476562,1,1.3964844
1951,2.4492188,1,2.0742188
1952,1.1708984,1,0.99365234
1953,1.5078125,1,1.0703125
1954,0.87646484,1,0.9550781
1955,0.90185547,1,0.97998047
1956,0.87646484,1,0.9550781
1957,1.5820312,1,1.6914062
1958,3.0039062,2,3.2792969
1959,3.5136719,2,3.8046875
1960,2.8945312,2,3.5898438
1961,2.8359375,1,3.3867188
1962,2.8378906,2,3.3867188
1963,2.5429688,2,2.9394531
1964,2.8515625,1,2.9238281
1965,3.2148438,1,3.1855469
1966,2.3613281,1,2.9140625
1967,2.8476562,1,2.8652344
1968,2.234375,1,2.5722656
1969,2.1386719,1,2.4667969
1970,2.6484375,1,2.5449219
1971,2.4472656,1,2.5878906
1972,2.5761719,1,3.0625
1973,2.6601562,1,2.9785156
1974,2.3613281,1,2.9921875
1975,2.5859375,1,2.9433594
1976,2.5117188,1,2.5957031
1977,1.8681641,1,2.3105469
1978,2.5429688,1,2.8964844
1979,2.4863281,1,2.9082031
1980,2.421875,1,2.9433594
1981,2.2773438,1,2.7578125
1982,2.2832031,1,2.6230469
1983,2.0273438,1,2.4238281
1984,2.3769531,1,2.6113281
1985,2.359375,1,2.7441406
1986,2.2460938,1,1.8242188
1987,2.3964844,1,1.84375
1988,0.87646484,1,0.9550781
1989,0.90185547,1,0.97998047
1990,0.9135742,1,1.03125
1991,1.4023438,1,1.6005859
1992,3.2519531,2,3.6933594
1993,3.8691406,2,3.8808594
1994,4.015625,2,3.9492188
1995,3.1660156,2,3.5976562
1996,3.1132812,2,3.0605469
1997,3.3398438,2,3.7929688
1998,1.9960938,2,1.9541016
1999,2.1914062,1,2.6679688
2000,1.6523438,1,1.8261719
2001,1.9775391,1,2.4355469
2002,1.3261719,1,1.4814453
2003,2.2089844,1,2.9472656
2004,2.140625,1,2.9296875
2005,2.2773438,1,3.1054688
2006,3.1796875,2,3.34375
2007,1.9267578,1,2.7578125
2008,2.3300781,1,2.5917969
2009,2.5507812,1,3.3027344
2010,0.9814453,1,1.1943359
2011,1.1191406,1,1.1640625
2012,0.9814453,1,1.1943359
2013,1.0605469,1,1.1386719
2014,1.7314453,1,2.0800781
2015,2.1953125,1,2.4453125
2016,1.1464844,1,1.1240234
2017,1.2988281,1,1.2636719
2018,1.2587891,1,1.1386719
2019,1.5136719,1,1.3798828
2020,0.90185547,1,0.97998047
2021,0.90185547,1,0.97998047
2022,3.5976562,2,3.8789062
2023,3.7558594,2,4.046875
2024,2.1230469,1,2.796875
2025,2.4980469,1,2.9492188
2026,2.3984375,1,3.0878906
2027,3.1816406,2,3.6347656
2028,2.7519531,1,3.4824219
2029,2.9589844,1,3.5878906
2030,2.5234375,2,3.3105469
2031,3.1386719,2,3.6015625
2032,2.5527344,2,2.9902344
2033,2.6503906,1,3.1191406
2034,2.6933594,1,3.2773438
2035,2.0917969,1,2.5820312
2036,2.0390625,1,2.5527344
2037,2.3183594,1,2.8730469
2038,1.6474609,1,2.0371094
2039,2.0390625,1,2.6542969
2040,2.3164062,2,2.4902344
2041,2.328125,1,2.7851562
2042,2.4414062,1,2.7382812
2043,2.1503906,1,2.5488281
2044,2.0136719,1,2.7363281
2045,2.3359375,1,2.9296875
2046,2.1660156,1,2.484375
2047,2.2285156,1,2.7148438
2048,2.1113281,1,2.6933594
2049,2.2070312,1,2.8203125
2050,1.4804688,1,1.7617188
2051,2.015625,1,2.5234375
2052,2.4882812,1,2.8203125
2053,2.5625,1,3.0683594
2054,1.3046875,1,0.96728516
2055,1.421875,1,1.0947266
2056,0.87597656,1,0.9550781
2057,0.9013672,1,0.97998047
2058,0.87841797,1,0.97509766
2060,0.95166016,1,1.0283203
2062,0.98828125,1,1.0693359
2064,2.6972656,2,3.4023438
2066,1.9628906,1,2.1894531
2068,1.7792969,1,1.5859375
2070,1.6113281,1,1.8232422
2072,1.8154297,1,2.0449219
2074,2.0898438,1,2.1425781
2076,1.1943359,1,1.3144531
2078,1.5273438,1,1.7451172
2080,2.1542969,1,2.3339844
2082,2.3496094,2,3.3867188
2084,1.4677734,1,2.4042969
2086,3.265625,2,3.3105469
2088,2.5722656,1,2.8066406
2090,2.2617188,1,2.1738281
2092,1.6445312,1,1.8291016
2094,1.1884766,1,1.21875
2096,1.7304688,1,1.921875
2098,1.9619141,1,2.3652344
2100,1.5283203,1,2.015625
2102,2.2050781,1,2.0390625
2104,1.4042969,1,1.5625
2106,1.1064453,1,1.2324219
2108,0.9091797,1,1.1005859
2110,1.0664062,1,1.1943359
2112,0.9746094,1,1.0419922
2114,1.6621094,1,1.7734375
2116,1.7587891,2,1.5195312
2118,2.03125,2,1.9101562
2120,0.87646484,1,0.9550781
2122,0.87646484,1,0.9550781
2124,0.87646484,1,0.9550781
2126,1.3789062,1,1.7304688
2127,3.5058594,2,3.6523438
2128,4.0117188,2,3.9003906
2129,3.203125,2,3.4023438
2130,3.1289062,2,3.4609375
2131,1.8886719,1,2.5644531
2132,1.9492188,1,2.5351562
2133,1.8828125,1,2.5820312
2134,2.3554688,1,2.9746094
2135,1.5820312,1,2.15625
2136,1.53125,1,2.1015625
2137,2.7167969,2,2.4882812
2138,2.1035156,1,2.5859375
2139,1.3710938,1,1.4755859
2140,2.0273438,1,2.6113281
2141,1.2119141,1,1.3310547
2142,1.3867188,1,1.7402344
2143,2.0507812,1,2.125
2144,1.9677734,1,2.4863281
2145,2.6054688,1,3.2207031
2146,2.7382812,1,3.3085938
2147,1.3935547,1,1.3242188
2148,1.7285156,1,1.6005859
2149,1.3662109,1,1.1816406
2150,1.8613281,1,1.3964844
2151,0.90185547,1,0.97998047
2152,1.2636719,1,1.2109375
2153,3.0449219,2,3.1796875
2154,3.4863281,2,3.8554688
2155,2.4121094,1,3.296875
2156,2.6972656,1,3.3085938
2157,1.1445312,1,1.0615234
2158,1.7392578,1,1.3212891
2159,0.9013672,1,0.9794922
2160,0.9013672,1,0.9794922
2161,1.3046875,1,1.1416016
2162,1.7099609,1,1.4931641
2163,1.1865234,1,1.0546875
2164,1.6220703,1,1.2421875
2165,0.93847656,1,1.1435547
2166,1.7792969,1,1.0644531
2167,0.93847656,1,1.1435547
2168,1.4375,1,1.0830078
2169,0.9013672,1,0.9794922
2170,0.9013672,1,0.9794922
2171,0.953125,1,1.0488281
2173,0.9111328,1,0.9746094
2175,0.9692383,1,1.0751953
2177,0.98779297,1,1.0693359
2179,1.2197266,1,1.1835938
2181,3.4941406,1,3.7011719
2183,1.7685547,1,1.9013672
2185,2.7949219,1,3.03125
2187,1.9277344,1,2.5585938
2189,2.9707031,1,2.5585938
2191,1.1533203,1,1.4628906
2193,2.9765625,1,2.2636719
2195,2.3398438,1,1.6982422
2197,3.2382812,2,3.6875
2199,2.2363281,1,1.6875
2201,2.7421875,1,1.9472656
2203,2.0449219,1,1.2734375
2205,2.9492188,2,3.5039062
2207,2.1699219,1,1.8017578
2209,3.03125,1,3.3710938
2211,1.9980469,1,1.859375
2213,2.7773438,1,2.2109375
2215,1.0429688,1,1.2431641
2217,1.9570312,1,1.8652344
2219,1.8417969,1,1.3876953
2221,1.1289062,1,1.2392578
2223,0.90722656,1,0.96972656
2225,2.3164062,1,2.4511719
2227,2.3984375,1,2.2773438
2229,2.2167969,1,1.4121094
2231,0.87646484,1,0.9550781
2233,0.9013672,1,0.9794922
2235,0.9658203,1,0.99121094
2237,0.87890625,1,0.97509766
2239,1.0947266,1,1.0917969
2241,2.6796875,2,2.2949219
2243,1.1953125,1,1.3183594
2245,1.0058594,1,1.0664062
2247,3.6464844,2,3.5839844
2249,1.0751953,1,1.2382812
2251,1.1152344,1,1.0595703
2253,1.6972656,1,1.9677734
2255,2.1640625,1,2.5214844
2257,2.6796875,2,1.9960938
2259,1.2958984,1,1.2587891
2261,1.1484375,1,1.2685547
2263,1.6914062,1,1.9990234
2265,1.3505859,1,1.2490234
2267,2.2832031,1,2.3261719
2269,1.6025391,1,1.3476562
2271,3.0957031,2,2.3574219
2273,2.2480469,1,2.8183594
2275,1.8867188,1,1.9208984
2277,2.2480469,2,2.0253906
2279,1.5683594,1,1.2441406
2281,1.6025391,1,1.1865234
2283,1.6220703,1,1.5302734
2285,2.0839844,1,1.9394531
2287,1.8154297,1,1.8183594
2289,1.5410156,1,1.4492188
2291,1.7490234,1,1.640625
2293,0.87646484,1,0.9550781
2295,0.87646484,1,0.9550781
2297,1.2099609,1,1.1972656
2299,2.2128906,2,2.03125
2301,0.87646484,1,0.9550781
2303,0.87646484,1,0.9550781
2305,1.2998047,1,1.5117188
2307,2.7480469,2,2.265625
2309,0.87646484,1,0.9550781
2311,0.87646484,1,0.9550781
2313,1.3691406,1,0.97314453
2315,1.1835938,1,0.94873047
2317,1.3623047,1,1.625
2318,1.7324219,1,1.9609375
2319,3.3671875,2,3.6601562
2320,2.9257812,2,2.9648438
2321,2.828125,2,3.3828125
2322,1.3066406,1,2.0839844
2323,2.0644531,1,2.6875
2324,2.0,1,2.53125
2325,3.0019531,2,3.4863281
2326,2.4570312,2,2.7050781
2327,3.1582031,2,3.4804688
2328,3.015625,2,3.2578125
2329,2.8789062,2,3.3183594
2330,1.1210938,1,1.2070312
2331,3.5234375,2,3.8105469
2332,2.1210938,1,2.5839844
2333,3.1914062,1,3.3847656
2334,1.8535156,2,2.7578125
2335,2.2285156,1,2.9082031
2336,1.4560547,1,1.7939453
2337,2.0371094,1,2.8339844
2338,1.9199219,1,2.5957031
2339,2.40625,1,3.2539062
2340,2.4824219,2,2.5566406
2341,2.9082031,2,2.9570312
2342,1.8242188,1,2.4570312
2343,2.1738281,1,2.59375
2344,2.5214844,2,3.0546875
2345,2.3632812,2,2.9375
2346,1.828125,2,2.1464844
2347,1.8349609,1,2.2890625
2348,1.375,1,1.1708984
2349,2.1601562,2,2.46875
2350,1.1181641,1,1.1591797
2351,1.6425781,1,1.46875
2352,1.4970703,1,1.2382812
2353,1.8642578,1,1.5566406
2354,1.1484375,1,0.93066406
2355,1.1083984,1,0.95214844
2356,0.87597656,1,0.9550781
2357,0.9013672,1,0.97998047
2358,0.9013672,1,0.97998047
2359,0.9111328,1,0.9746094
2360,0.9111328,1,0.9746094
2361,1.1328125,1,1.2080078
2362,2.0078125,1,2.0703125
2363,1.6572266,1,1.4560547
2364,3.4628906,2,3.6484375
2365,3.046875,2,2.53125
2366,2.8847656,2,3.3320312
2367,1.6933594,1,2.0585938
2368,1.9941406,1,2.1542969
2369,2.0488281,2,1.6142578
2370,1.8671875,1,1.9970703
2371,2.2636719,2,2.203125
2372,1.7333984,1,1.7128906
2373,1.6044922,1,1.9550781
2374,1.8671875,1,2.1992188
2375,0.87597656,1,0.9550781
2376,0.87597656,1,0.9550781
2377,0.87841797,1,0.97509766
2379,0.9609375,1,1.0224609
2381,2.2851562,2,2.8066406
2383,1.1953125,1,1.2978516
2385,1.6757812,1,2.1308594
2387,1.0859375,1,1.1210938
2389,1.7910156,1,1.7744141
2391,1.4326172,1,1.5732422
2393,2.0488281,1,2.2851562
2395,2.2792969,1,2.2753906
2397,2.2929688,1,2.7519531
2399,1.7451172,1,1.8251953
2401,1.0585938,1,1.1162109
2403,2.2539062,1,2.6035156
2405,2.0078125,1,2.03125
2407,1.6943359,1,1.5458984
2409,1.1943359,1,1.2724609
2411,1.1279297,1,1.1708984
2413,1.3457031,1,1.4589844
2415,0.9355469,1,1.0869141
2417,1.9013672,1,1.8095703
2419,1.8427734,1,1.7138672
2421,1.53125,1,1.0449219
2423,0.87646484,1,0.9550781
2425,0.87646484,1,0.9550781
2427,0.87646484,1,0.9550781
2429,0.87646484,1,0.9550781
2431,0.87646484,1,0.9550781
2433,0.87646484,1,0.9550781
2435,1.5751953,1,1.3242188
2437,1.3789062,1,0.98876953
2439,0.9941406,1,1.0117188
2441,1.4931641,1,1.4794922
2443,3.2363281,2,3.1367188
2445,1.3105469,1,1.2226562
2447,1.0664062,1,1.1933594
2449,1.1142578,1,1.2060547
2451,1.5947266,1,1.5771484
2453,2.046875,1,2.3769531
2455,0.9707031,1,1.0107422
2457,2.2011719,1,2.2519531
2459,0.8769531,1,0.9550781
2461,0.8769531,1,0.9550781
2463,0.8769531,1,0.9550781
2465,3.4140625,2,3.3320312
2466,3.5878906,2,3.4628906
2467,2.6816406,2,3.453125
2468,3.0332031,2,3.0976562
2469,2.5351562,2,2.4257812
2470,3.1132812,2,2.9941406
2471,2.3027344,1,1.8115234
2472,1.9990234,2,1.9462891
2473,2.1367188,1,2.0898438
2474,2.7753906,2,3.2089844
2475,1.9072266,2,1.6376953
2476,2.6875,2,3.1230469
2477,2.0527344,2,1.8115234
2478,2.0761719,1,1.6308594
2479,1.1474609,1,1.0830078
2480,1.1757812,1,1.0332031
2481,1.7675781,1,2.5390625
2482,2.9707031,2,3.1484375
2483,2.4765625,2,2.765625
2484,2.4199219,1,2.7148438
2485,2.2011719,1,2.5917969
2486,1.9443359,1,2.3808594
2487,2.4570312,2,2.5996094
2488,1.9550781,1,2.2226562
2489,2.1933594,1,2.3691406
2490,2.3828125,1,2.734375
2491,2.2207031,1,2.3457031
2492,2.3535156,1,2.6503906
2493,2.3125,1,2.7441406
2494,2.4101562,1,2.890625
2495,1.5742188,1,2.2675781
2496,2.1738281,1,2.5605469
2497,1.9306641,1,2.421875
2498,2.1289062,1,2.6132812
2499,1.5761719,1,1.9296875
2500,2.1210938,1,2.4628906
2501,2.5859375,2,2.4453125
2502,2.1953125,1,2.6464844
2503,2.1679688,1,3.1074219
2504,2.0039062,1,2.6191406
2505,1.9414062,1,2.5605469
2506,2.2207031,1,2.84375
2507,2.2148438,1,2.6132812
2508,2.4121094,1,3.1328125
2509,1.8740234,1,2.5117188
2510,2.0253906,1,2.7109375
2511,2.6757812,2,2.6152344
2512,3.265625,2,3.3945312
2513,2.3125,1,2.7792969
2514,2.5820312,1,2.8144531
2515,2.1445312,1,1.5488281
2516,1.8310547,1,1.21875
2517,1.3759766,1,1.21875
2518,1.609375,1,1.3984375
2519,1.4970703,1,1.4755859
2520,1.5693359,1,1.5595703
2521,0.87841797,1,0.97509766
2522,1.5380859,1,1.7402344
2523,3.7207031,2,3.9863281
2524,3.890625,2,3.8886719
2525,2.7402344,2,3.2363281
2526,3.3867188,2,3.7167969
2527,1.0302734,1,1.171875
2528,1.4414062,1,1.7558594
2529,2.3496094,1,2.4941406
2530,3.2988281,1,3.3515625
2531,1.6748047,1,1.0625
2532,1.7158203,1,1.1376953
2533,1.421875,1,1.1113281
2534,1.4375,1,1.0830078
2535,1.1572266,1,0.95703125
2536,1.2714844,1,1.1904297
2537,1.1865234,1,1.3154297
2538,3.0976562,1,3.4550781
2539,1.3496094,1,1.5742188
2540,2.8066406,1,3.2265625
2541,1.2021484,1,1.2294922
2542,2.0957031,1,2.84375
2543,3.9023438,2,3.7988281
2545,3.015625,2,3.4746094
2547,3.5683594,2,3.5
2549,1.9482422,1,2.125
2551,1.6591797,1,2.0527344
2553,1.4453125,1,1.5722656
2555,2.7617188,2,2.875
2557,1.6103516,1,1.5771484
2559,2.9726562,1,3.3261719
2561,1.5800781,1,1.5761719
2563,1.8154297,1,2.1972656
2565,2.2714844,2,2.15625
2567,2.2890625,1,2.4472656
2569,2.2890625,1,2.9589844
2571,2.7304688,2,3.1992188
2573,2.0488281,2,2.0742188
2575,2.0273438,1,2.2421875
2577,2.5371094,2,2.921875
2579,2.296875,1,2.3535156
2581,1.6943359,1,2.3125
2583,2.7441406,1,3.2734375
2585,2.3828125,1,3.2636719
2587,2.7285156,1,3.2167969
2589,3.1933594,2,3.2285156
2591,2.2050781,2,2.7773438
2593,3.0683594,2,2.6464844
2595,1.9394531,1,2.4003906
2597,2.1503906,1,1.7460938
2599,1.8974609,1,2.4648438
2601,1.8251953,1,1.4980469
2603,0.90185547,1,0.97998047
2605,0.87841797,1,0.97509766
2606,1.4238281,1,1.6806641
2607,2.3125,2,2.4492188
2608,3.5429688,2,3.7871094
2609,2.4023438,2,2.8359375
2610,2.9375,2,3.484375
2611,1.6738281,1,1.8076172
2612,2.171875,2,2.4355469
2613,2.6386719,1,3.5078125
2614,2.5957031,1,3.2167969
2615,1.0341797,1,1.1191406
2616,3.7929688,2,3.90625
2617,1.796875,1,2.0605469
2618,2.4179688,2,3.171875
2619,2.9765625,2,3.4980469
2620,3.421875,2,3.671875
2621,2.4296875,1,3.4785156
2622,3.1035156,2,3.6035156
2623,1.6962891,1,1.6865234
2624,2.6289062,1,2.9746094
2625,1.0976562,1,1.2294922
2626,2.1777344,1,2.0175781
2627,1.4042969,1,1.5371094
2628,2.4511719,1,2.8183594
2629,2.0585938,1,2.1933594
2630,2.4003906,1,2.7753906
2631,1.1894531,1,1.3964844
2632,2.8164062,1,2.9394531
2633,0.87646484,1,0.9550781
2634,1.2597656,1,1.2148438
2635,2.140625,1,2.0917969
2636,2.2773438,1,2.90625
2637,0.87646484,1,0.9550781
2638,0.90185547,1,0.97998047
2639,1.1523438,1,0.93408203
2641,0.87841797,1,0.97509766
2643,0.92578125,1,1.0205078
2645,1.6337891,1,2.0
2647,1.2871094,1,1.2783203
2649,1.5654297,1,1.9169922
2651,3.4003906,2,3.3398438
2653,2.4492188,2,2.8457031
2655,2.4707031,1,2.7558594
2657,2.1367188,2,2.2617188
2659,3.5722656,2,3.4628906
2661,1.7529297,1,2.1484375
2663,2.1523438,2,2.2617188
2665,2.1894531,1,2.6933594
2667,3.0019531,1,3.2539062
2669,2.0214844,1,2.4863281
2671,1.8496094,1,1.8261719
2673,2.3984375,2,2.4882812
2675,1.3330078,1,1.4306641
2677,1.4003906,1,1.2539062
2679,1.109375,1,1.2441406
2681,1.0996094,1,1.1796875
2683,1.1552734,1,1.125
2685,0.87646484,1,0.9550781
2687,0.87646484,1,0.9550781
2689,1.0146484,1,0.96875
2691,1.0146484,1,0.96875
2693,1.4003906,1,1.2695312
2695,1.3935547,1,1.1875
2697,0.90283203,1,1.1591797
2699,1.4257812,1,1.5195312
2701,0.9482422,1,1.0146484
2703,1.1953125,1,1.2490234
2705,1.3994141,1,1.4853516
2707,2.4023438,1,2.3046875
2709,2.6992188,2,2.8125
2711,1.1064453,1,1.2939453
2713,1.0332031,1,1.1679688
2715,1.5273438,1,1.2929688
2717,2.9375,2,3.2910156
2719,3.0253906,2,3.5664062
2721,2.1464844,1,2.1230469
2723,2.8632812,1,2.9765625
2725,2.1347656,1,2.7402344
2727,2.0507812,1,2.3828125
2729,1.8945312,1,2.2324219
2731,1.9716797,1,2.5019531
2733,1.7753906,1,2.640625
2735,2.2890625,1,2.953125
2737,1.7998047,1,2.4179688
2739,2.3085938,1,2.7519531
2741,3.6035156,2,3.7382812
2743,2.8554688,2,3.1953125
2745,1.328125,1,1.6513672
2746,3.0273438,2,3.1347656
2747,3.8242188,2,3.75
2748,2.0390625,1,2.25
2749,2.5742188,1,2.9882812
2750,2.0527344,2,2.6757812
2751,2.3574219,1,2.703125
2752,1.6279297,1,2.3125
2753,2.2773438,1,2.5214844
2754,2.0800781,1,2.5390625
2755,2.2636719,1,2.8007812
2756,1.9785156,1,2.2597656
2757,2.4472656,1,3.1777344
2758,2.1875,1,2.3203125
2759,2.1503906,1,2.6054688
2760,1.7011719,1,1.8671875
2761,2.234375,1,2.4101562
2762,1.6474609,1,2.2441406
2763,2.0898438,1,2.5449219
2764,1.7460938,1,2.2851562
2765,1.9580078,1,2.5546875
2766,1.9023438,1,2.59375
2767,2.2421875,1,2.8105469
2768,1.9638672,1,2.0351562
2769,2.1777344,1,2.7890625
2770,1.3740234,1,1.3837891
2771,2.3378906,1,2.6875
2772,1.3564453,1,1.1025391
2773,2.7363281,1,3.25
2774,1.7226562,1,1.8691406
2775,2.1582031,1,2.625
2776,2.84375,2,2.4335938
2777,1.8457031,1,2.3730469
2778,0.87646484,1,0.9550781
2779,0.90185547,1,0.97998047
2780,0.87646484,1,0.9550781
