id,turn_number,generated_response
393,6,"Exactly. I guess it would be difficult to be an actress and not feel like your own life is a movie, you know? Almost like they aren't in touch with reality."
393,7,Lol and lets not even get into the rumors about the shady stuff that goes on. I mean I get that movies and shows need kids to act in them but I don't think as a parent I could like force my kids to be actors if they didn't push it themselves.
393,8,I wonder if being in Hollywood put pressure on their marriage?
393,9,Yeah.  Do you think they're strange so they got into hollywood? Or are they strange because they got into hollywood?
393,10,Ehh I wonder. Sometimes it seems that certain celebrities like it and others don't. I am a private person so I really do not understand this type of thing.
394,6,That's true. Are you a fan of Billy BOb Thornton or Angelina Jolie?
394,7,Yes. And I mean I wouldn't blame the guy. Especially being 20 years older than her. Not exactly an easy age gap.
394,8,"Yeah.  Thing is though, Lebron was a star at 13, and he's been faithfully married (as far as we know) to the same girl since like 20.  Can't say the same about Kobe."
394,9,Kobe unfortunately will always be the better player and have had the better career but I see what you mean about Lebron.
394,10,"Yeah you're really screwing with a kids brain when you put them in the limelight that early.  Not to bring basketball into it, but that's why I always appreciated Lebron James.   A star at an early age, yet he turned out to be a pretty stand up guy."
396,6,"Agreed, I'm sure he would be less likely to do that if he  had grown up in more stable conditions. It seems a lot of times the foster care system puts them in a situation that is just as bad or worse then where they wer ebefore"
396,7,"yes it needs help, but i think there is a lack of good foster parents"
396,8,Agreed. What did you think of the sibling that eventually got his masters and now helps kids in similar situations?
396,9,"Oh that's so sad... My neighbors did foster care a lot, and they were a great family. but man some of the kids you could tell had been through some shit and they were so angry."
396,10,"I'd suggest that in this story, the parents are most capable of providing help, in all ways, but apparently the parents are a large part of the problem, what with the drinking and abuse and whatnot."
398,6,That's true. Are you a fan of Billy BOb Thornton or Angelina Jolie?
398,7,"I only slightly cared about the article was my parents were divorced when I was around 8 or 9. Like you said though, they are much older than I was, so they should be able to cope better."
398,8,I wonder how Dakota and Elle Fanning are doing now. I don't remember if the article stated how old they were when their parents divorced.
398,9,"I just never understood why he'd leave her for Angelina, but what do I know lol I wonder if there's a chance Angelina and Billy Bob might reconcile now"
398,10,probably not. I'm not sure whatever happened to him. Do you think Brad was really abusive towards their children like the article mentioned?
402,6,"I just never understood why he'd leave her for Angelina, but what do I know lol I wonder if there's a chance Angelina and Billy Bob might reconcile now"
402,7,That's true. Are you a fan of Billy BOb Thornton or Angelina Jolie?
402,8,probably not. I'm not sure whatever happened to him. Do you think Brad was really abusive towards their children like the article mentioned?
402,9,Do you think Angelina Jolie deserves to keep the children?
402,10,I think she might have just been trying to get him some bad publicity or something he always seemed like a good dad to me but who knows what goes on behind closed doors
403,6,What did you feel about the article?
403,7,How did this article make you feel?
403,8,What did you think of the article?
403,9,what did you think about the article?
403,10,Hello! What did you think about the article?
404,6,What did you feel about the article?
404,7,Hello! What did you think about the article?
404,8,"Hello, what did you think about the article?"
404,9,what do you think about the article?
404,10,Hello what did you think about the article
412,6,What did you feel about the article?
412,7,I thought the article detailed the atrocities in Aleppo quite well.
412,8,What did you think of the article?
412,9,"Hello, what did you think about the article?"
412,10,what did you think about the article?
413,6,"Myanmar has a fair bit of geopolitical importance,i guess there could be some fear of losing the government as an asset"
413,7,I was wondering how the UN might put pressure on the Burmese government to correct this. Sanctions perhaps? Or maybe an intervention force?
413,8,Do you think there is a practical solution to the problems they are facing within Burma?
413,9,they're killing many people in Burma mostly Muslims
413,10,"Of course, it requires a lot sincerity on the part of the government. I think it is has a potential to be more effective than the mandated democracy via military action that the US tried in Iraq."
416,6,What did you feel about the article?
416,7,"I read the article a while ago, but didnt it mention a police getting killed?"
416,8,How did this article make you feel?
416,9,I agree. The people highlighted in the story seem to have a true need to find safety somewhere else. Moving to another part of the country as some suggested in the article wouldn't seem to help these people. I agree there are no simple and clear solutions. Each case has its own set of needs which is why the process is so easily overwhelmed.
416,10,yes I agree i think there efforts are helping some but news like the brutal rape is scary
417,6,What did you feel about the article?
417,7,How did this article make you feel?
417,8,"Hello, what did you think about the article?"
417,9,"Hello, how did you feel about the article?"
417,10,hey how did you feel about the article?
419,6,What did you feel about the article?
419,7,How did this article make you feel?
419,8,hey how did you feel about the article?
419,9,"Hello, how did you feel about the article?"
419,10,"Hello, what did you think about the article?"
421,6,I really am not sure how I feel about this article. I think that parents in this situation need to face some type of punishment.
421,7,"Right so the \punishment\"" would be more bringing awareness to the parents. Rather than jail time/cps involvement you make them take parenting classes to prevent this from happening again."""
421,8,"I understand your point, but punishing the parents isn't going to bring the child back. I think that every parent could benefit from education on the basics of child rearing."
421,9,"Agreed... she is just as at fault as she is. Parents are supposed to protect, not enable or roll over and let evil things happen"
421,10,"I'd suggest that in this story, the parents are most capable of providing help, in all ways, but apparently the parents are a large part of the problem, what with the drinking and abuse and whatnot."
422,6,"Agreed, I'm sure he would be less likely to do that if he  had grown up in more stable conditions. It seems a lot of times the foster care system puts them in a situation that is just as bad or worse then where they wer ebefore"
422,7,I think he needs therapy and guidance and  a stable home more so than punishment/jail
422,8,"yes it needs help, but i think there is a lack of good foster parents"
422,9,Agreed. What did you think of the sibling that eventually got his masters and now helps kids in similar situations?
422,10,"Oh that's so sad... My neighbors did foster care a lot, and they were a great family. but man some of the kids you could tell had been through some shit and they were so angry."
423,6,"Agreed, I'm sure he would be less likely to do that if he  had grown up in more stable conditions. It seems a lot of times the foster care system puts them in a situation that is just as bad or worse then where they wer ebefore"
423,7,I think he needs therapy and guidance and  a stable home more so than punishment/jail
423,8,"yes it needs help, but i think there is a lack of good foster parents"
423,9,astronomical. Do you have any thoughts on how the foster system could be improved?
423,10,Agreed. What did you think of the sibling that eventually got his masters and now helps kids in similar situations?
426,6,What did you feel about the article?
426,7,How did this article make you feel?
426,8,Hello! What did you think about the article?
426,9,hey how did you feel about the article?
426,10,"Hello, how did you feel about the article?"
427,6,they're killing many people in Burma mostly Muslims
427,7,Yep it said there are about 1 million Rohingya Muslims in Burma who are stateless
427,8,I thought the article detailed the atrocities in Aleppo quite well.
427,9,What did you feel about the article?
427,10,How did this article make you feel?
428,6,What did you feel about the article?
428,7,How did this article make you feel?
428,8,what did you think about the article?
428,9,What did you think of the article?
428,10,"Hello, what did you think about the article?"
432,6,they're killing many people in Burma mostly Muslims
432,7,Yep it said there are about 1 million Rohingya Muslims in Burma who are stateless
432,8,"Myanmar has a fair bit of geopolitical importance,i guess there could be some fear of losing the government as an asset"
432,9,I was wondering how the UN might put pressure on the Burmese government to correct this. Sanctions perhaps? Or maybe an intervention force?
432,10,Do you think there is a practical solution to the problems they are facing within Burma?
433,6,What did you feel about the article?
433,7,How did this article make you feel?
433,8,Did you have a particularly strong emotional reaction to this article?
433,9,"Yeah. What did you think of his lawyer's plea at the end of the article? About \politically correct culture\"" swaying opinion of the case?"""
433,10,"Hello, how did you feel about the article?"
438,6,How did this article make you feel?
438,7,Did you have a particularly strong emotional reaction to this article?
438,8,What did you feel about the article?
438,9,It really is. I'm glad that woman in the article had sucha  positive outlook on it though. I've dealt with several family members getting cancer when I was a kid and there was a lot of suffering.
438,10,Exactly! Yah that seems like a grab for views which is sad on Dr Phils part. He should have focused on the abusee and trying to help her.
439,6,What did you feel about the article?
439,7,How did this article make you feel?
439,8,hey how did you feel about the article?
439,9,"Hello, how did you feel about the article?"
439,10,what did you think about the article?
442,6,Exactly! Yah that seems like a grab for views which is sad on Dr Phils part. He should have focused on the abusee and trying to help her.
442,7,I agree. Do you think the doctors that let her go should face any consequences?
442,8,She did want to become a doctor so I doubt she would be out causing trouble for no reason.
442,9,Yeah.  She also wanted to be a doctor so she's probably a real pain-in-the-ass if you know what I mean.
442,10,yeah sounds like she had some serious medical problems.  wouldn't be this much hubbub if it was just a drunk person.
443,6,What did you feel about the article?
443,7,How did this article make you feel?
443,8,"Hello, how did you feel about the article?"
443,9,"Hello, what did you think about the article?"
443,10,Hello! What did you think about the article?
444,6,What did you feel about the article?
444,7,How did this article make you feel?
444,8,what did you think about the article?
444,9,What did you think of the article?
444,10,what do you think about the article?
445,6,Exactly! Yah that seems like a grab for views which is sad on Dr Phils part. He should have focused on the abusee and trying to help her.
445,7,"I'd suggest that in this story, the parents are most capable of providing help, in all ways, but apparently the parents are a large part of the problem, what with the drinking and abuse and whatnot."
445,8,"Agreed... she is just as at fault as she is. Parents are supposed to protect, not enable or roll over and let evil things happen"
445,9,I really am not sure how I feel about this article. I think that parents in this situation need to face some type of punishment.
445,10,"Right so the \punishment\"" would be more bringing awareness to the parents. Rather than jail time/cps involvement you make them take parenting classes to prevent this from happening again."""
460,6,I'm pretty sure that they are very aware of the dangers following the events. The real shame is that humanity in general is a very reactive instead of a proactive entity. Tragedies like this are required before any meaningful action is taken across the board.
460,7,"I just think it's amazing the different perspective different people have on society and value of life and that type of thing.  Can you imagine the U.S. government, or even state governments, allowing burning down forests that killed tens or hundreds of thousands of people like this?"
460,8,Yeah that's a really good point.  Like they should have done something else to signify the fact that a tragedy happened there for the survivors maybe.
460,9,I just hope enough support is given to the victims of such events
460,10,"Yes there will always be disasters. Until the core problem of the country is fixed, I think we will always have to be ready to help."
462,6,I agree. The people highlighted in the story seem to have a true need to find safety somewhere else. Moving to another part of the country as some suggested in the article wouldn't seem to help these people. I agree there are no simple and clear solutions. Each case has its own set of needs which is why the process is so easily overwhelmed.
462,7,"I just hope that the organizations are able to protect themselves, after what happened here i could see them being unwilling to go to certain places out of fear for their safety, which makes sense."
462,8,"Since trains appear so safe, I would say the victims of this crash were not even expecting anything to go wrong."
462,9,It seems like there should be more procedures in place for checking transportation safety. Maybe just a safety train that runs the track once a day to check there aren't any bridges sticking out.
462,10,"Yeah, I'm sure they do a thorough evaluation and fix whatever was wrong.  Europe uses trains a lot more than we do, I think.  They can't afford to let things get into disrepair."
463,6,"Yes exactly my thoughts!!  I feel bad for them too, but who is supposed to be funding their care"
463,7,"Yeah, it's a mess.  I guess I'm thankful I live in this part of the world.  We find a lot to complain about, but it could certainly be worse."
463,8,"Me as well.  I feel bad for these people, but I don't necessarily blame the governments.  There is a massive influx of refugees globally, and no existing programs can handle them all."
463,9,"There are things that can be done, but the likelihood is slim. I think that the United Nations should take up a banner for all refugees. There are people being displaced all over the world and the world is consistently shrugging its shoulders when confronted with that reality. I think they should at least be contributing to relief and temporary placement efforts in affected areas. More people should be volunteering to help."
463,10,"Wow, you really paid your dues in attention. I don't watch/read much CNN. You have any ideas on how to deal with integration of all these refugees into western society?"
466,6,i do two i never thought about the impact that has on children people smoking in public
466,7,"It depends.  That's kind of the point I'm getting to.  You can find precedent to justify banning smoking in public.  You can find precedent to not.  I was just curious what your take is as a smoker.  i'm not a smoker, but in most situations I'm not averse to the idea of people being allowed to smoke."
466,8,"I support the ban, but I have four children and I've literally had to leave playgrounds before because people were blowing smoke everywhere.  I thought the argument about it setting a bad example was stupid, though."
466,9,"I have four children too. Yeah if it effects other people than I support the ban, but if it only hurts smokers then that is on them."
466,10,"yeah, I can see that too.  But children's playgrounds are made for kids.  Like, an adult has no  business smoking there.  Maybe step to the parking lot and smoke?"
467,6,"I support the ban, but I have four children and I've literally had to leave playgrounds before because people were blowing smoke everywhere.  I thought the argument about it setting a bad example was stupid, though."
467,7,i do two i never thought about the impact that has on children people smoking in public
467,8,"I have four children too. Yeah if it effects other people than I support the ban, but if it only hurts smokers then that is on them."
467,9,"I mean I honestly can go either way.  It's not something I'm passionate about or would sit around arguing in favor of.  I just think it's a good idea bc people smoking at playgrounds irritates me.  I hate secondhand smoke.  But whatever, I guess at the end of the day if it bothers you so much you can leave the playground."
467,10,"It depends.  That's kind of the point I'm getting to.  You can find precedent to justify banning smoking in public.  You can find precedent to not.  I was just curious what your take is as a smoker.  i'm not a smoker, but in most situations I'm not averse to the idea of people being allowed to smoke."
470,6,How do you feel about the dwindling space and opportunity you have to smoke?  Do you think you should be allowed to smoke anywhere?  I think it's certainly a mixed message we send about smoking.  It's legal.... only we don't want you to do it anywhere.
470,7,"It depends.  That's kind of the point I'm getting to.  You can find precedent to justify banning smoking in public.  You can find precedent to not.  I was just curious what your take is as a smoker.  i'm not a smoker, but in most situations I'm not averse to the idea of people being allowed to smoke."
470,8,"And how about from a more political perspective?  Do you think towns, for example, should have the right to basically tell you you can't smoke anywhere in public?"
470,9,The government dictates a lot of what people can and can't do in public. I'm assuming you don't smoke. Are you bothered by seeing/smelling people smoke in public?
470,10,"I support the ban, but I have four children and I've literally had to leave playgrounds before because people were blowing smoke everywhere.  I thought the argument about it setting a bad example was stupid, though."
473,6,It's interesting. Do you think the person will ever harm another animal?
473,7,"I don't think the animals should be killed for no good reason, like just to take their horns and sell them for example.  Only if the entire animal is being used for meat, food, etc. like it should be.  They didn't give many specifics about that in this story.  How do you feel about it?"
473,8,I agree he was well within his rights and he probably really felt threatened. I could not either but i definitely understand people who do. If i was the owner i don't think i would be able to get another dog after that though.
473,9,Im certain some animal rights groups would be interested if they even know about it. This is the first Im hearing of the issue
473,10,"Do you have a stance with regard to animal rights? If so, what kind of rights should they be afforded?"
474,6,that's great!  birds are fascinating creatures.  that flamingo danced on its own accord which was neat
474,7,It's interesting. Do you think the person will ever harm another animal?
474,8,"The owners just weren't equipped, knowledge wise, for this task. I don't think the tiger being fed chicken all its life was a consequence of the area. The owners were just clueless and blamed the conflict for their inadequacy. And I agree, the animals are always innocent and I hope they are enjoying themselves right now!"
474,9,"I don't think the animals should be killed for no good reason, like just to take their horns and sell them for example.  Only if the entire animal is being used for meat, food, etc. like it should be.  They didn't give many specifics about that in this story.  How do you feel about it?"
474,10,"That's an excellent point. The owners can't change the situation, that isn't fair at all. It isn't as if they want their animals to be sick/die!"
475,6,"man, what an article. About the birds, right?"
475,7,that's great!  birds are fascinating creatures.  that flamingo danced on its own accord which was neat
475,8,What did you feel about the article?
475,9,How did this article make you feel?
475,10,Did you have a particularly strong emotional reaction to this article?
476,6,I think its a real story. Witnesses said that he picked up a different flamingo but put it down before getting the other one.
476,7,It is.   I have no idea what the life span is of a flamingo?   Do you?
476,8,I was surprised that the flamingo was 19. I wonder how old they can be?
476,9,"I have no idea, but I would assume that's an older flamingo, probably getting up there in age."
476,10,that's great!  birds are fascinating creatures.  that flamingo danced on its own accord which was neat
477,6,I am a firm believer that if you do hurt animals you are either a psychopath or sociopath.    I wonder if the story was true about Pinky?
477,7,It's interesting. Do you think the person will ever harm another animal?
477,8,Maybe the dog tried to intervene as she was murdering the only family the dog had.
477,9,"I feel bad for the dog and her, but I can not blame the man for shooting the dog"
477,10,I agree he was well within his rights and he probably really felt threatened. I could not either but i definitely understand people who do. If i was the owner i don't think i would be able to get another dog after that though.
479,6,You know it is possible but it could also be a man made disaster. Either way im surprised there were no precautions in place to keep the waste from getting in the river in general.
479,7,I think the people who mismanage the water should be punished.
479,8,Well at the very least I think they should make more of an effort to help better the situation. After all it is their mess that is impacting the lives of a lot of people that live off the river. Well lived. They can't really live off of it that well now anyways.
479,9,"Yeah maybe, building a pond is a pretty big undertaking so at some point during the process somebody should be informing them or giving them the info they need into what they are doing and the harm they could be causing right."
479,10,"Exactly, it feels like at some point anyone who wants to build a pond they should come into contact with someone who should be knowledgeable about the current issues and inform them. Maybe require some form of education before you can own something like this?"
484,6,What did you feel about the article?
484,7,How did this article make you feel?
484,8,what did you think about the article?
484,9,What did you think of the article?
484,10,Hello! What did you think about the article?
485,6,What did you feel about the article?
485,7,How did this article make you feel?
485,8,what did you think about the article?
485,9,what do you think about the article?
485,10,What did you think of the article?
487,6,I agree. The people highlighted in the story seem to have a true need to find safety somewhere else. Moving to another part of the country as some suggested in the article wouldn't seem to help these people. I agree there are no simple and clear solutions. Each case has its own set of needs which is why the process is so easily overwhelmed.
487,7,"Yes there will always be disasters. Until the core problem of the country is fixed, I think we will always have to be ready to help."
487,8,"Yes getting a better government is the best way to help any region. Most countries, do not absolutely need outside for every disaster"
487,9,"I just hope that the organizations are able to protect themselves, after what happened here i could see them being unwilling to go to certain places out of fear for their safety, which makes sense."
487,10,"I agree, there would be a longing to fix the area and to prevent a similar disaster from happening again."
489,6,wish we had the medical knowledge to know what happens to them so they see the production of the palm oil is a bad thing
489,7,"On the other hand, if they outlawed the palm oil industry, they might have hundreds of thousands of people starve."
489,8,"i was thinking the same thing,i wonder how pollution effects people without lung cancer....i mean,it can't be good...just probably not as noticeable"
489,9,I wish that article talked about the effect of bad air pollution on people without lung cancer in california
489,10,"I feel like most people won't care about air pollution until it gets so bad they can hardly breathe, then maybe things will change."
490,6,What did you feel about the article?
490,7,How did this article make you feel?
490,8,"Yeah that's what I was thinking.  The article didn't touch much on specific actions that could be taken, more just generalizations.  Is anyone even doing anything to prevent this?"
490,9,"I'm not sure, but I remember that this was an article from CNN, or so it stated as a resource at the very beginning -- CNN is ver impartial though, and a lot of what was in it seemed a bit emotional, and not detached factual, I hope that sounded right! :)"
490,10,Any more thoughts on the article?
492,6,I was kind of concerned when it started talking about zoo owners being fined or punished. It's not really *their* fault.
492,7,"I don't know. Zoos are already kinda questionable ethically, but I for sure think you shouldn't have one if you can't take care of it. It seems like the animals should be moved elsewhere."
492,8,"Do you have a stance with regard to animal rights? If so, what kind of rights should they be afforded?"
492,9,"That's an excellent point. The owners can't change the situation, that isn't fair at all. It isn't as if they want their animals to be sick/die!"
492,10,Im certain some animal rights groups would be interested if they even know about it. This is the first Im hearing of the issue
493,6,"That's debatable. There are people the world over her are imprisoned for being raised to believe in a particular religion, or for holding a particular ideology. I'm just attempting to point out that the world at large has little mind for the suffering of those they are not directly involved with. Do you think the elephant could be successfully reintegrated into a more natural habitat after so many years of abuse and neglect?"
493,7,I imagine it's every animal in the surroundings. It's just that only elephants are big and strong enough to do something about it.
493,8,I've heard of those rampaging elephant stories in the past. What happens is that people keep cultivating land that elephants previous used. So the elephants are forced to interact with people to find food.
493,9,Yeah no doubt.  The only part I was surprised by (but I know practically nothing on this subject) was that elephant populations had increased in some areas and were a nuisance to the locals
493,10,"I can think of how in the US change was created with the civil rights movement, and the women's movement when people stood together. I think that because people like us know about the story we can help by sharing this information on social media. We can be the media for them. But what can be done about the poor elephants? They have lost their homes because of the forest's being destroyed."
494,6,What did you feel about the article?
494,7,How did this article make you feel?
494,8,Yeah no doubt.  The only part I was surprised by (but I know practically nothing on this subject) was that elephant populations had increased in some areas and were a nuisance to the locals
494,9,"I can think of how in the US change was created with the civil rights movement, and the women's movement when people stood together. I think that because people like us know about the story we can help by sharing this information on social media. We can be the media for them. But what can be done about the poor elephants? They have lost their homes because of the forest's being destroyed."
494,10,I've heard of those rampaging elephant stories in the past. What happens is that people keep cultivating land that elephants previous used. So the elephants are forced to interact with people to find food.
497,6,Hi there - I was very surprised to find out that China allowed women to become pilots at all
497,7,"I'm of two minds about this article. On the one hand, yay first female fighter pilot in China. On the other, she was flying in aerobatic shows. Is that really groundbreaking?"
497,8,Yea at least they see her as one. Kind of a shame that it's such a big deal that a women is a pilot.
497,9,"I guess that's a good possibility, especiallly when you think about all fo the people who were saying that this is proof women can't be fighter pilots"
497,10,I hadn't thought of that. Maybe? I don't think it would keep women from wanting to become pilots - flying is always risky - but I wonder if public opinion will turn against women flying. What do you think?
498,6,I also wonder about the logistics of her death. Was she struck by a third plane not involved in the initial collision? Did the pilot and co-pilot of the other plane eject as well? There's just a lot of details that aren't covered in the article.
498,7,"I'm of two minds about this article. On the one hand, yay first female fighter pilot in China. On the other, she was flying in aerobatic shows. Is that really groundbreaking?"
498,8,"Her name was Yu Xu. There are lots of articles available online concerning the accident and even videos on YouTube. I think that the story id probably true, but I think the cause of the accident is suspect. Maybe flaws in aviation technology that would make Chinese engineers lose face."
498,9,Hi there - I was very surprised to find out that China allowed women to become pilots at all
498,10,"It's also very easy to think that if there was sabotage, it's possible it would be used to create a martyr of sorts. Someone that Chinese women could look up to"
499,6,"I'm of two minds about this article. On the one hand, yay first female fighter pilot in China. On the other, she was flying in aerobatic shows. Is that really groundbreaking?"
499,7,Hi there - I was very surprised to find out that China allowed women to become pilots at all
499,8,"I guess that's a good possibility, especiallly when you think about all fo the people who were saying that this is proof women can't be fighter pilots"
499,9,Yea at least they see her as one. Kind of a shame that it's such a big deal that a women is a pilot.
499,10,I wonder if anything like this has happened to male pilots in China? Would that story be a big deal like this one?
500,6,"I'm of two minds about this article. On the one hand, yay first female fighter pilot in China. On the other, she was flying in aerobatic shows. Is that really groundbreaking?"
500,7,Hi there - I was very surprised to find out that China allowed women to become pilots at all
500,8,Yea at least they see her as one. Kind of a shame that it's such a big deal that a women is a pilot.
500,9,"I guess that's a good possibility, especiallly when you think about all fo the people who were saying that this is proof women can't be fighter pilots"
500,10,I wonder if anything like this has happened to male pilots in China? Would that story be a big deal like this one?
506,6,What did you feel about the article?
506,7,I thought the article detailed the atrocities in Aleppo quite well.
506,8,How did this article make you feel?
506,9,what did you think about the article?
506,10,What did you think of the article?
507,6,Fact 1- the window was left open with only a screen. Fact 2- the screen was not secured in place. Fact 3- The parents could not heard from the living room to the kids room. Those seem to be easily understood facts.
507,7,I agree. The people highlighted in the story seem to have a true need to find safety somewhere else. Moving to another part of the country as some suggested in the article wouldn't seem to help these people. I agree there are no simple and clear solutions. Each case has its own set of needs which is why the process is so easily overwhelmed.
507,8,Yes I agree. anything that can be done to keep the kids safe
507,9,"I just hope that the organizations are able to protect themselves, after what happened here i could see them being unwilling to go to certain places out of fear for their safety, which makes sense."
507,10,I really am not sure how I feel about this article. I think that parents in this situation need to face some type of punishment.
513,6,What did you feel about the article?
513,7,What did you think of the article?
513,8,what did you think about the article?
513,9,"Hello, what did you think about the article?"
513,10,How did this article make you feel?
514,6,I thought the article detailed the atrocities in Aleppo quite well.
514,7,What did you feel about the article?
514,8,How did this article make you feel?
514,9,What did you think of the article?
514,10,what did you think about the article?
515,6,What did you feel about the article?
515,7,"Hello, what did you think about the article?"
515,8,Hello what did you think about the article
515,9,Hello what did you think of the article
515,10,Hello! What did you think about the article?
516,6,Did you have a particularly strong emotional reaction to this article?
516,7,How did this article make you feel?
516,8,What did you feel about the article?
516,9,"Hello, how did you feel about the article?"
516,10,"Hello, what did you think about the article?"
517,6,Yeah. Also we need to strengthen some areas in the middle east so they aren't as easily destroyed if a new ISIS like group is formed.
517,7,"I think part of their group is aligned with ISIS and to my knowledge, ISIS is barely alive after losing so much territory."
517,8,i dont know. i know isis has been basically completely taken out of the area since then
517,9,"Yea, I am not sure if ISIS has been defeated yet, I feel like I do not hear much about them anymore"
517,10,That's a tough question. It could be argued that ISIS even existed in the first place because of the power vacuum we left in Afghanistan and Iraq when we supplanted their governments. I honestly think we should quit being the world police for a while until most problems in America are solved. So much money was spent in the middle east in the past 20 years.
518,6,"I\m good and you? The article is sad."""
518,7,These articles have been making me do some soul searching. It was nice talking with you! bye.
518,8,It's very very sad.   I have enjoyed chatting with you.   Please have a great day.  goodbye
518,9,"Yeah so do i, well it was nice talking to you even if it was about something sad. goodbye"
518,10,"Yeah I think you are on the right track with that.  Well I hope you have a good day, nice talking to you.  much better than the last person I had to talk  to.  goodbye!"
519,6,I agree... I hope they do something to prevent this happeneing again
519,7,Yes i agree i hope they reconcile a peace treaty or something to move forward
519,8,What did you feel about the article?
519,9,what did you think about the article?
519,10,What did you think of the article?
520,6,"I thought the article was very thought provoking and in line with things I felt already, that empathy is severely lacking in society in general. People are too dismissive of those suffering and assume they made choices to put themselves in that situation."
520,7,How did this article make you feel?
520,8,Did you have a particularly strong emotional reaction to this article?
520,9,What did you feel about the article?
520,10,I can agree completely. It's the first article I've read on here that I didn't feel any sympathy to be honest
521,6,Hey there! So this article is something. I can't help but wonder why people of different religious backgrounds can't seem to get along in that part of the world. We seem to do ok over here in the West.
521,7,"Hello! To a certain extent. I mean, the recent attacks on synagogues and widespread prejudice against Muslims here in the west doesn't seem to be too far removed."
521,8,"Your right. If people would just open their minds a little bit, they would find that there are good and bad people in every religious sect. I know some people that are in fact Muslim that completely disavow what's going on."
521,9,I find it interesting that so many people still use religion as an excuse for violence and only focus on the most violent parts of the religion and ignore the preachings of tolerance and peace.
521,10,"I wish they would. I mean taking the article into consideration again, even if you forget the killing the damage done in the name of religion needs to be addressed. Both sides need to do more to remember peace, tolerance and acceptance is better than violence and hatred."
522,6,What did you feel about the article?
522,7,How did this article make you feel?
522,8,I thought the article detailed the atrocities in Aleppo quite well.
522,9,what did you think about the article?
522,10,What did you think of the article?
523,6,"Yes exactly my thoughts!!  I feel bad for them too, but who is supposed to be funding their care"
523,7,"Well, care in the sense that they are motivated to effect change. The news media certainly isn't pushing these stories to the top. I'm sure people care enough to sign a petition or something along those lines, but would they even donate money? Who knows. What do you think about what's being done so far?"
523,8,I hope that these people do actually get help and are not left dying
523,9,I agree. These people need so much more help then some other countries we're helping need. I'd much prefer to see my tax dollars going to help people like these woman
523,10,Exactly my reason for not giving to the big charities. I would be willing to give money to a company that produces anti-rape devices though. I think they could help these women
525,6,What did you feel about the article?
525,7,What did you think of the article?
525,8,what did you think about the article?
525,9,"Hello, what did you think about the article?"
525,10,Hello! What did you think about the article?
526,6,Did you have a particularly strong emotional reaction to this article?
526,7,What did you feel about the article?
526,8,How did this article make you feel?
526,9,I thought the article detailed the atrocities in Aleppo quite well.
526,10,How do you feel about ISIS's methods of manipulation and control?
530,6,I find it interesting that so many people still use religion as an excuse for violence and only focus on the most violent parts of the religion and ignore the preachings of tolerance and peace.
530,7,"I wish they would. I mean taking the article into consideration again, even if you forget the killing the damage done in the name of religion needs to be addressed. Both sides need to do more to remember peace, tolerance and acceptance is better than violence and hatred."
530,8,i think its wrong to attack people for having a certain religion
530,9,"I agree that killing is wrong. However, regarding this article it is nearly impossible to set religion aside as it is the reason the killings are happening."
530,10,I agree as well. I just think that we should all be loving and not killing.
531,6,Hey there! So this article is something. I can't help but wonder why people of different religious backgrounds can't seem to get along in that part of the world. We seem to do ok over here in the West.
531,7,"Hello! To a certain extent. I mean, the recent attacks on synagogues and widespread prejudice against Muslims here in the west doesn't seem to be too far removed."
531,8,"Your right. If people would just open their minds a little bit, they would find that there are good and bad people in every religious sect. I know some people that are in fact Muslim that completely disavow what's going on."
531,9,"I sometimes wonder about the general temperament of some of these populations.  In the US we went to war against our \oppressors.\""  At what point do these middle eastern populations get fed up with dictators and other oppressive groups?  The people have plenty of guns.  They can form militias too.  I'd rather go down fighting than just be executed in the street."""
531,10,"I have not heard about that but I am sure you are probably right.  It seems like senseless violence is just a part of the culture there.  Not that it isn't here either, but it seems more out of hand there.  Well I must go, it has been a pleasure speaking with you about this.  I hope you have a nice afternoon.  Goodbye"
