conv_id,turn,gold_text,gold_emotion,gold_empathy,gold_polarity,corpus_text,corpus_pred_emotion,corpus_pred_empathy,corpus_pred_polarity,icl_text,icl_pred_emotion,icl_pred_empathy,icl_pred_polarity
68,6,"Yes, I think it is something most people rather not imagine. But it is a reality. ",2.0,3.0,1.0,"I would do anything to protect my family, but I do not  go looking for trouble. I'm glad you can see it from an objective point of view because most can not.",-0.023136556,0.3201304,1,"Honestly, it's a situation no one wants to find themselves in. I believe in the power of diplomacy and peaceful conflict resolution. If I were in that position, I'd try to find a non-violent solution.",0.007273315917700529,0.3129042387008667,1.0
68,7,becoming more and more of a realityeveryday,2.0,3.0,1.0,good talking to you. I hope it works out for the people affected. bye.,-0.025498286,0.32415175,3,"That's a noble approach. It's important to remember that violence often begets more violence. In such a situation, seeking help from international bodies or organizations could be a good idea.",-0.013327479362487793,0.31429052352905273,1.0
68,8,"Yes, it is sad for those who have to make hard decision. Sad also to hear people be so unsympathetic.",3.0,4.0,2.0,Going back to what you said earlier. I feel bad for anybody family that has to go though this.,-0.02247788,0.29676116,3,"Yes, international organizations like the UN or Red Cross could potentially provide assistance. It's crucial to remember that every life is valuable, and every effort should be made to protect it.",-0.00558461295440793,0.3122017979621887,1.0
68,9,Yes and why is America taking so few refugees?,3.0,3.0,1.0,Yeah! I hope the families that went through this are okay now though,-0.026080698,0.3622022,3,,,,
68,10,"Not sure, I guess refugees are not top priority for anyone.",2.0,2.0,1.0,"I just hope that the organizations are able to protect themselves, after what happened here i could see them being unwilling to go to certain places out of fear for their safety, which makes sense.",-0.025133342,0.33540267,1,,,,
72,6,yeah 73 people died,1.0,2.0,2.0,This article was very eye opening. I had no idea air pollution killed so many people.,-0.019840494,0.314256,1,"Oh wow, that's terrible. I hope everyone involved is okay.",-0.0456106960773468,0.32543760538101196,1.0
72,7,what was your first reaction? ,1.0,1.0,1.0,What do you think about the people dying in India from air pollution?,-0.027377337,0.30012238,1,"Yeah, it's shocking. I'm glad the article mentioned the investigation that's ongoing.",-0.02208387851715088,0.3128427267074585,3.0
72,8,I was not very suprised ,1.0,1.0,1.0,Hello what did you think about the article?,-0.0033294861,0.259012,3,"True, it's important to know what happened and who's responsible.",-0.019969016313552856,0.30706435441970825,1.0
72,9,really? why were you not surprised? ,2.0,1.0,1.0,hey how did you feel about the article?,-0.022176653,0.290953,3,"I agree, but it's hard not to feel angry about the whole situation.",-0.01758226752281189,0.30162855982780457,3.0
72,10,It seems to happen often in africa and the thrid world,1.0,1.0,2.0,hello how did you feel about the article?,-0.014692575,0.27666062,3,"Absolutely, it's tragic that someone would act so irresponsibly.",-0.04605613648891449,0.31951838731765747,3.0
74,6,Lightning strike would be incredibly unlucky and uncommon. The article didn't seem to lean towards either theory. What do you think might have been the cause?,2.0,3.0,1.0,Did you have a particularly strong emotional reaction to this article?,0.0018311436,0.2750334,1,"It's hard to say without all the facts. Both theories could be possible. The tanker was carrying a large amount of crude oil, which can catch fire and explode if ignited.",-0.02010589838027954,0.3325313329696655,1.0
74,7," Yeah, I see a lightning strike unlikely. They would use that as a reason I don't think I would believe that honestly. And there's no details though enough for me to even judge that I guess. They didn't really give too many details.",2.0,3.0,1.0,How did this article make you feel?,-0.003144354,0.26612592,1,"Yes, the fire could have been started accidentally, and then the heat from the fire caused the tanker to explode.",0.005517765413969755,0.32806941866874695,1.0
74,8,"Yes, either way incredibly unfortunate. They stated that over a hundred people were injured in addition to the 73 that died and many tried to get to a nearby river. I'm sure the truth will come out with that many witnesses.",2.0,4.0,2.0,The article was very sad. What did you think abotu it?,-0.016185597,0.34166706,1,"Or, it's possible that a lightning strike ignited the fire, causing the tanker to explode. It's difficult to determine the exact cause without further investigation.",-0.005034253466874361,0.3364900052547455,1.0
74,9,"yes whenever I read that part man, I cannot even imagine, trying to get into a river on fire that would just be god-awful ",3.0,4.0,2.0,"Yes, I thought it was a tragedy.  And for what??  greed",-0.0301207,0.30595744,3,"I agree. It's a tragic incident, and it's important to get to the bottom of what happened to prevent similar accidents in the future.",-0.014279574155807495,0.3271501362323761,1.0
74,10,"Yes, it made me think of some war photos that I have seen with bodies in vehicles from people that also died to I believe a bombing. I wonder who will be held responsible.",3.0,4.0,2.0,I felt very disturbed while reading the article about the family situations.,-0.02747263,0.3176111,3,"Hopefully, the investigation will reveal the true cause and lead to improvements in safety measures for oil tankers.",-0.0019872342236340046,0.3274781405925751,1.0
80,6,I am glad I am not the only one who had a hard time understanding it.  I think we always have to make some sort of compromise bewteen humans and other beings. we can;t just let them dictate. but I think individuals and not governements need to do it themsleves,2.5,1.0,1.0,what do you think about the article?,-0.009876162,0.26773417,1,"I agree, but it's still upsetting. I mean, there has to be a balance between progress and conservation, right?",-0.006347269285470247,0.30972155928611755,1.0
80,7,"Sure, It was written and then translated badly, I think.",2.0,1.0,1.0,What did you think of the article?,-0.010673478,0.27807048,1,"Absolutely, conservation efforts are crucial. I'm just concerned about the long-term impact on the species and their habitats.",-0.02656683325767517,0.32269036769866943,1.0
80,8,"yes, deinfitely not written by a native English speaker.  what would else could you gather though. I always wonder why peopel who believe in evolution try so hard to preserve species when it kind of goes against the whole idea. Maybe they could involve into something better adapted",2.0,2.0,1.0,What did you feel about the article?,-0.028474838,0.26745486,3,"Yeah, replanting can help, but it's not a quick fix. We need to think about sustainable practices that don't harm wildlife.",-0.00957515835762024,0.3177061080932617,1.0
80,9,"What I get is that the apes (orangutans) are already at a 1700 population and then some kind of development for transport (or something) is being planned. My \feelings\"" are mostly subsumed by a cloud of mystery.""",2.0,2.0,1.0,"Oh yes true, ike the other populations will get out of control.  It could set the entire ecosystem out of balance.  Such is the danger when we tamper with nature.  Well I have enjoyed hearing your insights and hope you enjoy your day.  goodbye",-0.037851557,0.33673507,3,"True, and I guess it's about finding a way to coexist with nature without causing irreversible damage.",-0.009157717227935791,0.3263052999973297,3.0
80,10,I'm gonna run out of time. What was even meant by the depth?,1.0,1.0,1.0,what do you think about the article?,-0.009876162,0.26773417,1,It's a complex issue. Education and awareness can play a big role in changing behaviors and protecting endangered species.,-0.026271849870681763,0.33421066403388977,1.0
85,6,Some people really get the worst birth lottery,3.0,2.0,2.0,"Goodness, if Haiti doesn't have one huge catastrophic loss, they move to another (:",-0.09465437,0.36465448,3,"It's a complex issue, isn't it? The interplay between natural disasters and the already fragile economic state of a country can create a vicious cycle that's difficult to break.",-0.0038105701096355915,0.3295290470123291,1.0
85,7,"Also they never really recovered from their 2010 earthquake, it seems the destrusction from then lingers on. ",2.0,3.0,2.0,"It also seems unnecessary for there to even be such a gap. With all of the wealthy countries out there, I hope Haiti gets the help it deserves, because we, and other countries, can certainly afford it.",-0.0041658287,0.33685833,1,"Indeed. The lack of infrastructure and resources to effectively respond and recover from such events only exacerbates the situation, leading to prolonged suffering and hardship for the people.",-0.011700049042701721,0.34949877858161926,1.0
85,8,It is just so much harder when you are already poor and then you have to fight these natural disasters too. They really do need help,3.0,3.0,2.0,And food - you can get by in Haiti without much shelter but one must have clean water and food to live,-0.05128169,0.36674854,3,"It's not just about the immediate aftermath, either. The long-term impact on the population's health, education, and economic opportunities can be devastating.",0.01195286214351654,0.33769500255584717,1.0
85,9,Do you think Americans in general would support any help to Haiti? ,1.0,2.0,1.0,Do you think the people of Haiti will ever recover from the effects of these recent natural disasters?,-0.0097335875,0.32741612,1,And it's not just a matter of providing aid. There's a need for sustainable development and disaster preparedness to mitigate the effects of future calamities.,-0.01614341139793396,0.3375934362411499,1.0
85,10,I hope so. I know that people do care about those devastated by such disasters ,2.0,3.0,0.0,Amazing man.   I saw a documentary on him once he got out of prison.   It was so moving - no dry eyes here.   Poor Haiti has never had a leader who cared about the people.   Just about palaces and stuff.,-0.029853463,0.355555,1,"Absolutely. Investments in building resilient infrastructure, improving healthcare, and strengthening the economy are essential to breaking the cycle of vulnerability.",-0.02037718892097473,0.32268258929252625,1.0
